username,followers,followings,has_biography,is_private,has_name,posts,has_profile_picture,bio_lenght,following_to_follower_ratio,following_to_post_ratio,follower_to_post_ratio,name_only_alphabet,LCSofNameAndUsername_to_name_ratio,number_in_username_ratio,is_fake
moataaazz7,75,7290,0,0,1,0,0,0,97.2,1.00E+12,1.00E+12,1,1,0.1,1
stekann.07,16,1442,0,0,1,0,0,0,90.125,1.00E+12,1.00E+12,1,0.090909091,0.2,1
scotch9067,32,1714,0,0,1,0,0,0,53.5625,1.00E+12,1.00E+12,0,1,0.4,1
kaarriimm88,34,4245,0,0,0,0,0,0,124.8529412,1.00E+12,1.00E+12,1,0,0.181818182,1
aboodjihad00,37,2590,0,0,1,0,0,0,70,1.00E+12,1.00E+12,0,1,0.166666667,1
jamila56j7,50,4004,0,0,1,0,0,0,80.08,1.00E+12,1.00E+12,0,0.666666667,0.3,1
lovewac12,45,4405,0,0,1,0,0,0,97.88888889,1.00E+12,1.00E+12,0,0.25,0.222222222,1
djalirezaaaa,33,3459,0,0,1,0,0,0,104.8181818,1.00E+12,1.00E+12,1,1,0,1
o.va3,59,7477,0,0,1,0,0,0,126.7288136,1.00E+12,1.00E+12,0,0.5,0.2,1
jony1assaf,15,1179,0,0,1,0,0,0,78.6,1.00E+12,1.00E+12,0,0.142857143,0.1,1
yrehsh879,40,5836,0,0,1,0,0,0,145.9,1.00E+12,1.00E+12,0,1,0.333333333,1
youbvc788,55,5305,0,0,1,0,0,0,96.45454545,1.00E+12,1.00E+12,0,1,0.333333333,1
nsrynn09,26,3502,0,0,1,0,0,0,134.6923077,1.00E+12,1.00E+12,0,0.888888889,0.25,1
samesame721,30,4584,0,0,1,0,0,0,152.8,1.00E+12,1.00E+12,1,1,0.272727273,1
jawedahmadi100200,80,6972,0,0,1,0,0,0,87.15,1.00E+12,1.00E+12,0,1,0.352941176,1
dbidjdidbd,29,2873,0,0,1,0,0,0,99.06896552,1.00E+12,1.00E+12,1,0,0,1
ggyydo,20,1188,0,0,1,0,0,0,59.4,1.00E+12,1.00E+12,1,0,0,1
paksali96,53,4276,0,0,1,0,0,0,80.67924528,1.00E+12,1.00E+12,1,0.5,0.222222222,1
miladp46,69,6476,0,0,1,0,0,0,93.85507246,1.00E+12,1.00E+12,0,1,0.25,1
hhhhh18798,23,4620,0,0,1,0,0,0,200.8695652,1.00E+12,1.00E+12,0,1,0.5,1
killr_0,39,4700,0,0,1,0,0,0,120.5128205,1.00E+12,1.00E+12,0,0.714285714,0.142857143,1
luca_de_santis95,40,5521,0,0,1,0,0,0,138.025,1.00E+12,1.00E+12,0,1,0.125,1
dfcx82,26,1469,0,0,1,0,0,0,56.5,1.00E+12,1.00E+12,1,1,0.333333333,1
hb_freeme12e,41,6258,0,0,1,0,0,0,152.6341463,1.00E+12,1.00E+12,0,0.1,0.166666667,1
bouk.moha,40,4445,0,0,1,0,0,0,111.125,1.00E+12,1.00E+12,0,0.5,0,1
bbngghhhgghhhhh,10,1756,0,0,1,0,0,0,175.6,1.00E+12,1.00E+12,1,1,0,1
molol.pl,35,4389,0,0,1,0,0,0,125.4,1.00E+12,1.00E+12,1,0,0,1
jarna3.bb,20,1667,0,0,1,0,0,0,83.35,1.00E+12,1.00E+12,1,0.166666667,0.111111111,1
sina1377792,37,3512,0,0,1,0,0,0,94.91891892,1.00E+12,1.00E+12,0,1,0.636363636,1
alimoner947,42,7423,0,0,1,0,0,0,176.7380952,1.00E+12,1.00E+12,0,1,0.272727273,1
issamchike36,39,4051,0,0,1,0,0,0,103.8717949,1.00E+12,1.00E+12,0,0.166666667,0.166666667,1
zraziz1234,73,5826,0,0,1,0,0,0,79.80821918,1.00E+12,1.00E+12,0,0.125,0.4,1
faux2019,33,2249,0,0,1,0,0,0,68.15151515,1.00E+12,1.00E+12,1,0,0.5,1
avina.rasool,59,4573,0,0,1,0,0,0,77.50847458,1.00E+12,1.00E+12,0,0.333333333,0,1
hmwd479_7,7,766,0,0,1,0,0,0,109.4285714,1.00E+12,1.00E+12,1,0,0.444444444,1
430.ngut90,48,3085,0,0,1,0,0,0,64.27083333,1.00E+12,1.00E+12,1,0.25,0.5,1
cutti78902019,22,1326,0,0,1,0,0,0,60.27272727,1.00E+12,1.00E+12,1,0.75,0.615384615,1
ohnao2,16,1855,0,0,1,0,0,0,115.9375,1.00E+12,1.00E+12,1,1,0.166666667,1
wwe.4257,20,2270,0,0,1,2,0,0,113.5,1135,10,1,1,0.5,1
mohamued0780m.j56,21,1958,0,0,1,0,0,0,93.23809524,1.00E+12,1.00E+12,1,0.1,0.352941176,1
aymanhazem038,40,3854,0,0,1,0,0,0,96.35,1.00E+12,1.00E+12,0,0.25,0.230769231,1
aaaddeqqq,16,857,0,0,1,0,0,0,53.5625,1.00E+12,1.00E+12,1,1,0,1
mlok123333,15,1428,0,0,1,0,0,0,95.2,1.00E+12,1.00E+12,0,1,0.6,1
mjk089,147,6879,0,0,1,0,0,0,46.79591837,1.00E+12,1.00E+12,1,1,0.5,1
_.udontnow._,0,196,0,1,0,0,0,0,1.00E+12,1.00E+12,1.00E+12,1,0,0,1
_saramousivand60,15,26,0,1,1,2,0,0,1.733333333,13,7.5,0,0.9375,0.125,0
saeedeh__sabookro,575,1315,1,1,1,12,1,30,2.286956522,109.5833333,47.91666667,1,1,0,0
fatemeh._.m1995,44,420,1,1,1,10,1,68,9.545454545,42,4.4,0,0.466666667,0.266666667,0
mis.mary73,363,365,0,1,1,6,1,0,1.005509642,60.83333333,60.5,0,0.5,0.2,0
faaz_sdt,681,771,1,1,1,96,1,21,1.13215859,8.03125,7.09375,1,0.4,0,0
erfanmousivand,33439,612,1,0,1,24,1,145,0.018301983,25.5,1393.291667,1,1,0,0
yas.98.m,4,7,0,1,1,0,0,0,1.75,1.00E+12,1.00E+12,0,1,0.25,0
hanirzb73,132,137,1,1,1,33,1,52,1.037878788,4.151515152,4,1,0.571428571,0.222222222,0
sa.sepano,48,50,1,0,1,6,1,76,1.041666667,8.333333333,8,0,0.666666667,0,0
kianaakbari__,33,46,0,1,0,0,0,0,1.393939394,1.00E+12,1.00E+12,1,0,0,0
n_g_i_n_780,68,147,1,1,1,0,1,56,2.161764706,1.00E+12,1.00E+12,0,0.2,0.272727273,0
m_goodarzi1995,97,216,0,1,1,0,0,0,2.226804124,1.00E+12,1.00E+12,0,0.5,0.285714286,0
toloeman,343,152,1,0,0,72,1,56,0.443148688,2.111111111,4.763888889,1,0,0,0
m__dalvand,30,91,0,1,1,0,1,0,3.033333333,1.00E+12,1.00E+12,0,0.777777778,0,0
parisa.yarahmadi7,111,109,1,1,1,9,1,145,0.981981982,12.11111111,12.33333333,0,0.5625,0.058823529,0
nazanin_slami6157,48,47,0,0,1,0,0,0,0.979166667,1.00E+12,1.00E+12,0,0.75,0.235294118,0
mahdieh.brf95,244,349,1,1,1,11,1,8,1.430327869,31.72727273,22.18181818,0,0.444444444,0.153846154,0
nazaninslami72,53,50,0,0,1,0,0,0,0.943396226,1.00E+12,1.00E+12,1,1,0.142857143,0
s_h_747395,11120,6364,1,1,1,60,1,143,0.572302158,106.0666667,185.3333333,0,0,0.6,0
asal.fereydounpor,108,297,1,1,1,5,1,29,2.75,59.4,21.6,0,0.5,0,0
tayebehmousivand,311,97,0,1,1,38,1,0,0.311897106,2.552631579,8.184210526,0,0,0,0
hanibehrooz,70,73,1,1,1,51,1,92,1.042857143,1.431372549,1.37254902,0,1,0,0
hadis_dalvand,70,96,1,1,1,5,1,80,1.371428571,19.2,14,0,1,0,0
sama_m.m,82,104,0,1,1,14,1,0,1.268292683,7.428571429,5.857142857,0,0.5,0,0
zk.nazanin,263,399,1,1,1,11,1,22,1.517110266,36.27272727,23.90909091,0,0.153846154,0,0
m.nikaf,41,80,0,1,1,5,1,0,1.951219512,16,8.2,0,0.25,0,0
kimia_ghafurian73,180,219,1,1,0,46,1,81,1.216666667,4.760869565,3.913043478,1,0,0.117647059,0
masumeh._.d,41,96,0,1,1,0,1,0,2.341463415,1.00E+12,1.00E+12,0,0.636363636,0,0
fatemeh_he313,81,410,0,1,1,34,1,0,5.061728395,12.05882353,2.382352941,0,0.538461538,0.230769231,0
parliiiii,205,419,1,1,1,51,1,101,2.043902439,8.215686275,4.019607843,0,0.25,0,0
__its.shima__,221,876,1,1,1,8,1,106,3.963800905,109.5,27.625,0,0.384615385,0,0
niusha_kavian,110,171,1,1,1,50,1,120,1.554545455,3.42,2.2,0,0,0,0
hadis_796,28,53,1,1,1,0,1,3,1.892857143,1.00E+12,1.00E+12,1,1,0.333333333,0
fatemeh_shtb,33,207,1,1,1,36,1,74,6.272727273,5.75,0.916666667,0,0,0,0
fatteme_hosseini,178,269,1,1,1,18,1,61,1.511235955,14.94444444,9.888888889,1,0.666666667,0,0
nushin.msk,64,73,0,1,1,11,1,0,1.140625,6.636363636,5.818181818,1,1,0,0
hannah.ymd,71,63,1,1,1,19,1,83,0.887323944,3.315789474,3.736842105,0,0.3125,0,0
malinaz.59,122,182,0,1,1,244,1,0,1.491803279,0.745901639,0.5,1,1,0.2,0
sh.pirhadi,138,205,1,1,1,15,0,4,1.485507246,13.66666667,9.2,1,0.142857143,0,0
maee_maed,172,243,1,1,1,12,1,49,1.412790698,20.25,14.33333333,0,0.5,0,0
nima_shams_88,84,583,1,1,1,241,1,24,6.94047619,2.419087137,0.348547718,0,0.222222222,0.153846154,0
ahmadzali52,739,484,1,0,1,10,1,36,0.654939107,48.4,73.9,0,1,0.181818182,0
marziyeh.zali,85,592,1,1,1,61,1,65,6.964705882,9.704918033,1.393442623,0,0.363636364,0,0
frogh64,291,147,0,0,1,277,1,0,0.505154639,0.530685921,1.050541516,1,0,0.285714286,0
_shadi___sh,100,154,0,1,0,4,1,0,1.54,38.5,25,1,0,0,0
niloofar.bajalan,4351,7484,1,1,0,361,1,79,1.720064353,20.73130194,12.05263158,1,0,0,0
abbaszali,639,1065,1,0,0,83,1,61,1.666666667,12.8313253,7.698795181,1,0,0,0
ghazal.fereidonpour,98,267,1,1,0,2,0,20,2.724489796,133.5,49,1,0,0,0
mah_hasti_73,62,49,1,1,1,30,1,32,0.790322581,1.633333333,2.066666667,0,0.375,0.166666667,0
borjlooadeleh,171,221,0,1,1,3,1,0,1.292397661,73.66666667,57,0,0.764705882,0,0
sddsete2018,10,331,0,0,1,0,0,0,33.1,1.00E+12,1.00E+12,0,0.25,0.363636364,1
lolepop333,11,521,0,0,1,0,0,0,47.36363636,1.00E+12,1.00E+12,1,0.25,0.3,1
aar1923,5,533,0,0,1,0,0,0,106.6,1.00E+12,1.00E+12,1,0,0.571428571,1
smmskskdk,8,511,0,0,0,0,0,0,63.875,1.00E+12,1.00E+12,1,0,0,1
hogo.blok,6,532,0,0,1,0,0,0,88.66666667,1.00E+12,1.00E+12,0,0.444444444,0,1
h_f_g_d_y_e_o_o_p_,14,367,0,0,1,0,0,0,26.21428571,1.00E+12,1.00E+12,1,0.0625,0,1
brnwhs,1002,6859,0,0,0,0,0,0,6.845309381,1.00E+12,1.00E+12,1,0,0,1
gg.hh.gg2020,122,658,0,0,1,0,0,0,5.393442623,1.00E+12,1.00E+12,1,0.090909091,0.333333333,1
elfkwkfkekdkekdfjdj,11,519,0,0,1,0,0,0,47.18181818,1.00E+12,1.00E+12,1,0.142857143,0,1
mreza0929,12,537,0,0,1,0,0,0,44.75,1.00E+12,1.00E+12,1,0.25,0.444444444,1
alinikooo11,116,6538,0,0,1,0,0,0,56.36206897,1.00E+12,1.00E+12,0,1,0.181818182,1
farseeo390333,13,404,0,0,1,0,0,0,31.07692308,1.00E+12,1.00E+12,0,0,0.461538462,1
ttt.jjjj7,11,532,0,0,1,0,0,0,48.36363636,1.00E+12,1.00E+12,1,0,0.111111111,1
ckggvkgkggk,15,522,0,0,0,0,0,0,34.8,1.00E+12,1.00E+12,1,0,0,1
mohsen.02.02,58,3924,0,0,1,0,0,0,67.65517241,1.00E+12,1.00E+12,1,0.2,0.333333333,1
hrehrt561,9,517,0,0,1,0,0,0,57.44444444,1.00E+12,1.00E+12,1,0,0.333333333,1
poiuhvaz,204,4276,0,0,1,0,0,0,20.96078431,1.00E+12,1.00E+12,1,0.083333333,0,1
2err3,10,513,0,0,1,0,0,0,51.3,1.00E+12,1.00E+12,0,1,0.4,1
145_lo,12,532,0,0,1,0,0,0,44.33333333,1.00E+12,1.00E+12,1,0,0.5,1
sjjejeje87,10,513,0,0,1,0,0,0,51.3,1.00E+12,1.00E+12,1,0.375,0.2,1
mame_thiam7,126,6565,0,0,0,0,0,0,52.1031746,1.00E+12,1.00E+12,1,0,0.090909091,1
zx_rtnn,12,517,0,0,1,0,0,0,43.08333333,1.00E+12,1.00E+12,0,0,0,1
1rij._,210,7307,0,1,0,1,0,0,34.7952381,7307,210,1,0,0.166666667,1
kokomoha792,7,519,0,0,1,0,0,0,74.14285714,1.00E+12,1.00E+12,1,0.111111111,0.272727273,1
absrastegar,8,537,0,0,1,0,0,0,67.125,1.00E+12,1.00E+12,1,0.166666667,0,1
kasjeveushsgbsjsiswgwnsibz,8,518,0,0,0,0,0,0,64.75,1.00E+12,1.00E+12,1,0,0,1
kaw62922,7,528,0,0,1,0,0,0,75.42857143,1.00E+12,1.00E+12,1,0,0.625,1
a09122451400,507,3855,0,0,1,0,0,0,7.603550296,1.00E+12,1.00E+12,1,1,0.916666667,1
lfjjroppwj,13,512,0,0,1,0,0,0,39.38461538,1.00E+12,1.00E+12,1,0.666666667,0,1
joooooorr,8,527,0,0,1,0,0,0,65.875,1.00E+12,1.00E+12,1,1,0,1
h.s1054,59,1172,0,0,1,22,1,0,19.86440678,53.27272727,2.681818182,0,0.333333333,0.571428571,1
estekhdamiha47,78,3874,0,0,1,0,0,0,49.66666667,1.00E+12,1.00E+12,0,0.928571429,0.142857143,1
saramini88,49,3463,0,0,1,0,0,0,70.67346939,1.00E+12,1.00E+12,1,0.333333333,0.2,1
in.stagramdgr,58,2546,0,0,1,0,0,0,43.89655172,1.00E+12,1.00E+12,1,0.75,0,1
asdghkkg12345,23,4421,0,0,1,0,0,0,192.2173913,1.00E+12,1.00E+12,0,0.125,0.384615385,1
chaki_can,0,1980,0,1,1,0,0,0,1.00E+12,1.00E+12,1.00E+12,1,0.333333333,0,1
mamal799,21,3486,0,0,1,0,0,0,166,1.00E+12,1.00E+12,0,1,0.375,1
zxqga7,30,4319,0,0,0,0,0,0,143.9666667,1.00E+12,1.00E+12,1,0,0.166666667,1
millad2963,89,4703,0,0,1,0,0,0,52.84269663,1.00E+12,1.00E+12,1,1,0.4,1
bnladen3,13,1107,0,0,1,0,0,0,85.15384615,1.00E+12,1.00E+12,1,1,0.125,1
9w.al,43,5137,0,0,1,0,0,0,119.4651163,1.00E+12,1.00E+12,0,0.2,0.2,1
maheralfy0,12,1244,0,0,1,0,0,0,103.6666667,1.00E+12,1.00E+12,1,1,0.1,1
momo2001724,55,6817,0,0,1,0,0,0,123.9454545,1.00E+12,1.00E+12,0,1,0.636363636,1
kakoko652019,85,5214,0,0,1,0,0,0,61.34117647,1.00E+12,1.00E+12,1,0,0.5,1
oshar21,85,6041,0,0,1,0,0,0,71.07058824,1.00E+12,1.00E+12,0,1,0.285714286,1
hiyarrerruah8,42,5615,0,0,1,0,0,0,133.6904762,1.00E+12,1.00E+12,0,1,0.076923077,1
dpdldpdld,24,2107,0,0,1,0,0,0,87.79166667,1.00E+12,1.00E+12,0,0,0,1
5iddtitudxi5tix,20,2395,1,0,1,3,1,64,119.75,798.3333333,6.666666667,0,0.125,0.133333333,1
fmousivand14,134,160,1,0,1,124,1,43,1.194029851,1.290322581,1.080645161,0,0.125,0.166666667,0
leila.z.elin,32,43,0,1,1,1,1,0,1.34375,43,32,0,0.384615385,0,0
javad.nezami.10,152,347,1,0,1,7,1,89,2.282894737,49.57142857,21.71428571,0,0.4,0.133333333,0
fatemeh.roostaieeee,267,1328,0,1,1,0,0,0,4.973782772,1.00E+12,1.00E+12,1,0,0,0
mhnz_li,34,63,0,1,1,2,1,0,1.852941176,31.5,17,0,0.166666667,0,0
yar31372,23,128,1,1,1,1,1,85,5.565217391,128,23,0,0,0.625,0
mwsywnd98,40,36,0,1,1,0,0,0,0.9,1.00E+12,1.00E+12,0,0,0.222222222,0
monalotfi.ln,95,174,0,1,1,1,1,0,1.831578947,174,95,1,1,0,0
mehran_mosivand,185,344,0,1,1,22,1,0,1.859459459,15.63636364,8.409090909,0,1,0,0
maaahsa_si70,435,866,1,1,1,14,1,20,1.990804598,61.85714286,31.07142857,0,0.357142857,0.166666667,0
razi.smi98,84,97,1,1,0,8,1,147,1.154761905,12.125,10.5,1,0,0.2,0
mohadeseh_nzmi_pv,88,96,1,1,1,84,1,142,1.090909091,1.142857143,1.047619048,0,0,0,0
adelehborjloo,150,192,0,1,1,4,1,0,1.28,48,37.5,0,1,0,0
mansureh_zali,45,57,0,1,1,24,1,0,1.266666667,2.375,1.875,0,0,0,0
faeze._nz,531,491,1,0,1,76,1,61,0.924670433,6.460526316,6.986842105,0,0.277777778,0,0
atefeh.dekami,150,561,0,1,1,3,0,0,3.74,187,50,0,0.461538462,0,0
leili.mousivand4423,150,196,0,0,1,9,1,0,1.306666667,21.77777778,16.66666667,0,0.6,0.210526316,0
dr.dashtiii,3301,7169,1,1,1,188,1,69,2.171766131,38.13297872,17.55851064,1,0.142857143,0,0
mahdiyehtah66,205,883,1,1,1,25,1,37,4.307317073,35.32,8.2,0,0.428571429,0.153846154,0
marziehe65,95,60,0,0,1,0,1,0,0.631578947,1.00E+12,1.00E+12,0,0.222222222,0.2,0
mahdiyar_nezami,1017,932,1,1,1,326,1,26,0.916420846,2.858895706,3.119631902,0,0.5,0,0
ati.ati.nz,157,438,1,1,1,33,1,58,2.789808917,13.27272727,4.757575758,1,1,0,0
naghshbandi.hamed,195,55,0,0,1,96,1,0,0.282051282,0.572916667,2.03125,1,1,0,0
hamrang_shaghayegh,898,287,1,1,1,17,1,40,0.319599109,16.88235294,52.82352941,0,0,0,0
monalotfi_a,128,248,0,1,1,7,1,0,1.9375,35.42857143,18.28571429,1,1,0,0
parvin.mvd,93,190,0,1,1,33,0,0,2.043010753,5.757575758,2.818181818,1,1,0,0
moosivandsm,89,134,0,1,0,20,1,0,1.505617978,6.7,4.45,1,0,0,0
mohadeseh_nezami22,502,4287,1,1,1,78,1,146,8.539840637,54.96153846,6.435897436,0,0,0.111111111,0
alims_ak,1526,998,1,1,1,15,1,49,0.653997379,66.53333333,101.7333333,1,1,0,0
rezvan_hamzehei,53,66,0,1,1,22,1,0,1.245283019,3,2.409090909,0,0.444444444,0,0
mansoore.zali,72,106,0,1,1,59,1,0,1.472222222,1.796610169,1.220338983,0,0,0,0
drmohammadparham,3238,1523,1,0,1,457,1,136,0.470352069,3.332603939,7.085339168,0,0,0,0
b.sohrabi73,186,171,0,1,1,25,1,0,0.919354839,6.84,7.44,0,0.777777778,0.181818182,0
_ati.nezami_,224,1376,1,1,1,14,1,76,6.142857143,98.28571429,16,1,1,0,0
zahra.s.1374,70,41,1,1,1,28,1,81,0.585714286,1.464285714,2.5,0,0,0.333333333,0
mehran.n.1366,569,1457,1,1,1,101,1,94,2.560632689,14.42574257,5.633663366,1,1,0.307692308,0
mobin.nezami,132,148,0,1,1,82,1,0,1.121212121,1.804878049,1.609756098,0,0.55,0,0
hadisbahadori,76,104,0,1,1,0,1,0,1.368421053,1.00E+12,1.00E+12,0,0.111111111,0,0
foryazdani,96,154,0,1,1,25,1,0,1.604166667,6.16,3.84,0,0,0,0
s.nasirikhalili,42,72,0,1,1,2,1,0,1.714285714,36,21,0,0.866666667,0,0
mahtab_mg71,105,120,1,1,1,56,1,55,1.142857143,2.142857143,1.875,0,0.857142857,0.181818182,0
f_khoda72,58,70,0,1,1,210,1,0,1.206896552,0.333333333,0.276190476,0,0.777777778,0.222222222,0
msafdar11,89,137,0,1,1,10,1,0,1.539325843,13.7,8.9,0,1,0.222222222,0
azkaei,163,918,1,1,1,102,1,65,5.63190184,9,1.598039216,0,0.75,0,0
zahra.s.7744,49,53,1,1,1,28,1,23,1.081632653,1.892857143,1.75,0,0,0.333333333,0
zahra_sivashi,5,15,0,1,1,3,1,0,3,5,1.666666667,1,1,0,0
sh_shakerii,33097,4538,1,0,1,15,1,67,0.137112125,302.5333333,2206.466667,0,0.444444444,0,0
zahra__g.h,374,1317,1,1,1,4,1,7,3.521390374,329.25,93.5,0,0.5,0,0
masoudghadamii,282,372,1,1,1,57,1,16,1.319148936,6.526315789,4.947368421,0,1,0,0
jondishapooriha,377,408,1,0,1,9,1,113,1.082228117,45.33333333,41.88888889,0,0,0,0
mfghhgge,40,4965,0,0,1,0,0,0,124.125,1.00E+12,1.00E+12,1,0.4,0,1
cvjvjugi,33,4340,0,0,1,0,0,0,131.5151515,1.00E+12,1.00E+12,0,0,0,1
aligax_007_,34,4501,1,0,0,0,0,16,132.3823529,1.00E+12,1.00E+12,1,0,0.272727273,1
nbbzzyr58,30,3604,0,0,1,0,0,0,120.1333333,1.00E+12,1.00E+12,1,0.4,0.222222222,1
1.9nonaa,29,4533,0,0,1,0,0,0,156.3103448,1.00E+12,1.00E+12,0,0.75,0.25,1
sexydickhead_37,1,238,0,0,1,0,0,0,238,1.00E+12,1.00E+12,0,0.090909091,0.133333333,1
fjfjfjrf8833edn,64,5184,0,0,1,0,0,0,81,1.00E+12,1.00E+12,1,0,0.266666667,1
pervaz11kk,29,3010,1,0,1,0,0,29,103.7931034,1.00E+12,1.00E+12,0,0.666666667,0.2,1
redaa22962019,10,1804,0,0,1,0,0,0,180.4,1.00E+12,1.00E+12,1,0,0.615384615,1
05_o75,47,5455,0,0,1,0,0,0,116.0638298,1.00E+12,1.00E+12,0,0.4,0.666666667,1
ftftfgygyh,32,4098,0,0,1,0,0,0,128.0625,1.00E+12,1.00E+12,1,1,0,1
maunar14,17,1566,1,0,1,0,0,1,92.11764706,1.00E+12,1.00E+12,1,0.75,0.25,1
mohmvff0e,24,2634,0,0,1,0,0,0,109.75,1.00E+12,1.00E+12,1,0,0.111111111,1
aiqhbd_,32,6141,0,0,1,0,0,0,191.90625,1.00E+12,1.00E+12,0,0,0,1
xaasid20,24,2585,0,0,1,0,0,0,107.7083333,1.00E+12,1.00E+12,0,0.142857143,0.25,1
ff_rr_ss1,33,3877,1,0,1,3,1,36,117.4848485,1292.333333,11,0,0,0.111111111,1
hhhddd51,15,706,0,0,1,1,1,0,47.06666667,706,15,1,1,0.25,1
bhbtykk,34,4929,0,0,1,0,1,0,144.9705882,1.00E+12,1.00E+12,1,0.333333333,0,1
yuiogdstbvxdt,29,4694,0,0,1,0,0,0,161.862069,1.00E+12,1.00E+12,1,0,0,1
hwhwsbsb23,31,1933,0,0,1,0,0,0,62.35483871,1.00E+12,1.00E+12,0,0.333333333,0.2,1
dvebhd,38,4809,0,0,1,0,0,0,126.5526316,1.00E+12,1.00E+12,1,1,0,1
annltx1,26,2152,0,0,1,0,0,0,82.76923077,1.00E+12,1.00E+12,1,1,0.142857143,1
gggggffffc,16,1926,0,0,1,0,0,0,120.375,1.00E+12,1.00E+12,1,0,0,1
reza.rezaei6385,41,4013,0,0,1,0,0,0,97.87804878,1.00E+12,1.00E+12,0,0.090909091,0.266666667,1
wxoqo,15,4101,0,0,1,0,0,0,273.4,1.00E+12,1.00E+12,1,0,0,1
kaqsjsj192ns,8,1347,0,0,1,0,0,0,168.375,1.00E+12,1.00E+12,1,0.25,0.25,1
2003_samire,16,1015,0,0,1,0,0,0,63.4375,1.00E+12,1.00E+12,0,0.4,0.363636364,1
dhdudghbhdb,43,7483,0,0,1,0,0,0,174.0232558,1.00E+12,1.00E+12,1,0.285714286,0,1
jojo_zozo200,18,600,0,0,1,0,1,0,33.33333333,1.00E+12,1.00E+12,0,0,0.25,1
mamal2125,50,4232,0,0,1,0,0,0,84.64,1.00E+12,1.00E+12,0,1,0.444444444,1
azooza258,43,5911,1,0,1,1,0,10,137.4651163,5911,43,1,0,0.333333333,1
soheil306285,13,422,0,0,1,2,1,0,32.46153846,211,6.5,1,1,0.5,1
vbnmohammad,20,1246,0,0,1,0,0,0,62.3,1.00E+12,1.00E+12,0,0.727272727,0,1
tyuijhgf9,14,1968,0,0,1,0,0,0,140.5714286,1.00E+12,1.00E+12,1,1,0.111111111,1
password524,22,2684,0,0,1,0,0,0,122,1.00E+12,1.00E+12,1,1,0.272727273,1
oh009378,23,1133,0,0,1,0,0,0,49.26086957,1.00E+12,1.00E+12,1,0.125,0.75,1
hapip968,33,5698,0,0,1,0,0,0,172.6666667,1.00E+12,1.00E+12,1,1,0.375,1
nonoa5996,59,6032,0,0,1,0,0,0,102.2372881,1.00E+12,1.00E+12,1,1,0.444444444,1
jo1ker8,18,2634,1,0,1,1,1,33,146.3333333,2634,18,0,0,0.285714286,1
asa24681579,17,636,0,0,1,0,0,0,37.41176471,1.00E+12,1.00E+12,1,0,0.727272727,1
8tttt5tttt,13,2174,0,0,1,0,0,0,167.2307692,1.00E+12,1.00E+12,1,0,0.2,1
1.mzmz,12,1178,0,0,1,0,0,0,98.16666667,1.00E+12,1.00E+12,1,0,0.166666667,1
guuhihhivx,29,4508,0,0,1,0,0,0,155.4482759,1.00E+12,1.00E+12,1,0.4,0,1
rnosh34lo,26,1859,0,0,1,0,0,0,71.5,1.00E+12,1.00E+12,0,0,0.222222222,1
meme.mepme123,16,1119,0,0,1,0,0,0,69.9375,1.00E+12,1.00E+12,1,0,0.230769231,1
dd.rrra,55,481,0,0,1,1,1,0,8.745454545,481,55,0,0.571428571,0,1
xx.ava77,559,3727,1,1,0,11,1,28,6.66726297,338.8181818,50.81818182,1,0,0.25,1
caz899,36,6071,0,0,1,0,1,0,168.6388889,1.00E+12,1.00E+12,0,0.090909091,0.5,1
dyyrhrh,29,2775,0,0,1,0,0,0,95.68965517,1.00E+12,1.00E+12,1,1,0,1
maryam__ehsanifar,166,504,1,1,1,0,1,27,3.036144578,1.00E+12,1.00E+12,1,1,0,0
znazarikh,78,143,0,1,0,48,0,0,1.833333333,2.979166667,1.625,1,0,0,0
neginnstr,317,366,0,1,1,157,1,0,1.154574132,2.331210191,2.01910828,0,0.833333333,0,0
masoud_hatami_music,4639,4088,1,0,1,105,1,146,0.881224402,38.93333333,44.18095238,0,1,0,0
donya_darou,10491,7492,1,0,1,340,1,136,0.714135926,22.03529412,30.85588235,0,0,0,0
nargess.khedri,190,381,0,1,1,8,1,0,2.005263158,47.625,23.75,0,0.75,0,0
saraa_nezami,79,142,0,0,1,1,0,0,1.797468354,142,79,1,1,0,0
zahra.zanbouri,305,1067,1,1,1,126,1,133,3.498360656,8.468253968,2.420634921,0,0.071428571,0,0
mahsa.sadeghi1993,300,377,1,1,1,28,1,51,1.256666667,13.46428571,10.71428571,0,0.538461538,0.235294118,0
aylish.msvi,100,122,1,1,1,21,0,90,1.22,5.80952381,4.761904762,0,0.428571429,0,0
sanaeizadeh_,3653,3515,1,1,1,12,1,29,0.962222831,292.9166667,304.4166667,0,0.428571429,0,0
yasin_ahmadii,124,499,1,1,1,4,1,10,4.024193548,124.75,31,0,1,0,0
amirtorabigoodarzi,6049,6025,0,1,1,56,1,0,0.996032402,107.5892857,108.0178571,1,0.705882353,0,0
pariaaalipour70,97,739,1,1,1,13,1,19,7.618556701,56.84615385,7.461538462,0,0.5,0.133333333,0
sahar_abdi67,542,199,1,1,1,48,1,13,0.367158672,4.145833333,11.29166667,0,0.272727273,0.166666667,0
fariborz.moh,2378,2003,0,0,1,576,1,0,0.842304458,3.477430556,4.128472222,0,0.5,0,0
alireza_kouchakii,64,109,1,1,1,50,1,85,1.703125,2.18,1.28,1,1,0,0
ap__sahar,101,192,1,1,1,0,1,12,1.900990099,1.00E+12,1.00E+12,1,1,0,0
mahmood.ramezani1370,128,237,1,1,1,2,1,36,1.8515625,118.5,64,0,0.444444444,0.2,0
dr.heidary_sepide,166,178,1,1,1,22,1,21,1.072289157,8.090909091,7.545454545,0,0.388888889,0,0
aalamebideli,335,350,1,0,1,223,1,36,1.044776119,1.569506726,1.502242152,0,0,0,0
dr_amir_heydari,2840,2213,0,1,1,38,1,0,0.779225352,58.23684211,74.73684211,0,0.916666667,0,0
amirhossein_yahyaee,9841,5560,1,1,1,62,1,39,0.564983233,89.67741935,158.7258065,0,0.578947368,0,0
siymakabdelpo,206,267,1,0,1,2,1,51,1.296116505,133.5,103,1,0.928571429,0,0
hamideh.87,358,774,1,1,1,10,1,25,2.162011173,77.4,35.8,0,0.5,0.2,0
najisheida66,86,122,0,1,1,54,1,0,1.418604651,2.259259259,1.592592593,0,0.181818182,0.166666667,0
iranoskhe,4280,913,1,0,1,41,1,143,0.213317757,22.26829268,104.3902439,0,0.5,0,0
monaaa_77123,86,188,1,1,1,0,1,34,2.186046512,1.00E+12,1.00E+12,0,0.666666667,0.416666667,0
laleh___noori,438,1676,1,1,1,75,1,34,3.826484018,22.34666667,5.84,0,0.416666667,0,0
mohamadrezaforoughi3,215,796,0,1,1,0,0,0,3.702325581,1.00E+12,1.00E+12,1,1,0.05,0
herbalavicenna,1949,7322,1,1,1,909,1,62,3.756798358,8.055005501,2.144114411,1,1,0,0
yaldaamortazavi,121,183,1,1,1,12,0,16,1.512396694,15.25,10.08333333,0,0.714285714,0,0
b_mirbagheri,2372,2932,0,0,1,652,1,0,1.23608769,4.496932515,3.63803681,1,0.333333333,0,0
ghazalalz,25,51,0,1,1,21,0,0,2.04,2.428571429,1.19047619,0,1,0,0
dr.mostafa_pakmehr,5764,5342,1,1,1,26,1,41,0.926786954,205.4615385,221.6923077,0,0,0,0
sahar_9764h,322,652,1,1,0,439,1,40,2.02484472,1.485193622,0.733485194,1,0,0.363636364,0
daroosazan_tarh,1014,574,0,0,1,27,1,0,0.566074951,21.25925926,37.55555556,0,0.666666667,0,0
naraghi1990,147,147,1,1,1,154,1,90,1,0.954545455,0.954545455,0,0.285714286,0.363636364,0
isa.faghiri,362,340,1,1,1,0,0,1,0.939226519,1.00E+12,1.00E+12,0,1,0,0
dr.rhlh.karimi,129,179,1,1,1,2,1,43,1.387596899,89.5,64.5,0,0.5,0,0
dr.fateme.jalali,764,3170,1,0,1,0,0,12,4.14921466,1.00E+12,1.00E+12,0,0,0,0
kiavash.fekri,48,42,0,1,1,509,1,0,0.875,0.082514735,0.094302554,0,1,0,0
dr.vahidesadat.afghah,346,450,1,1,1,11,1,18,1.300578035,40.90909091,31.45454545,0,0.5,0,0
sahar____ph,118,151,1,1,1,0,1,20,1.279661017,1.00E+12,1.00E+12,1,1,0,0
zahra.alb.90,279,467,1,1,1,0,1,9,1.673835125,1.00E+12,1.00E+12,1,1,0.166666667,0
ayemuosavi,49,29,0,0,1,0,0,0,0.591836735,1.00E+12,1.00E+12,0,1,0,0
h.sadeghi.niaraki,351,133,1,1,1,40,1,83,0.378917379,3.325,8.775,0,0.4375,0,0
rosaa.habibi,648,1146,1,1,1,24,1,70,1.768518519,47.75,27,0,0.6,0,0
hamed_r91,896,1079,1,1,1,133,1,10,1.204241071,8.112781955,6.736842105,1,1,0.222222222,0
sophiasalii,302,1080,1,1,1,12,0,24,3.57615894,90,25.16666667,1,0,0,0
82505078f,32,3414,0,0,1,0,0,0,106.6875,1.00E+12,1.00E+12,1,0,0.888888889,1
botatarkbota,38,5424,0,0,1,0,0,0,142.7368421,1.00E+12,1.00E+12,1,1,0,1
hshhlwshhbybftwmh,30,4633,0,0,1,2,1,0,154.4333333,2316.5,15,1,0,0,1
dtygdfuuh,40,1246,0,0,1,3,1,0,31.15,415.3333333,13.33333333,1,0.5,0,1
davod.8899,14,1398,0,0,1,0,0,0,99.85714286,1.00E+12,1.00E+12,1,0.142857143,0.4,1
a5a4a12,9,242,0,0,1,1,0,0,26.88888889,242,9,0,1,0.571428571,1
khrt5193,3,1141,0,0,1,0,0,0,380.3333333,1.00E+12,1.00E+12,1,1,0.5,1
aksae2019,28,3619,0,0,1,0,1,0,129.25,1.00E+12,1.00E+12,1,0.333333333,0.444444444,1
hhh100m,53,6065,0,0,0,0,0,0,114.4339623,1.00E+12,1.00E+12,1,0,0.428571429,1
aii2734,25,1669,0,0,1,0,1,0,66.76,1.00E+12,1.00E+12,0,0,0.571428571,1
12.3456789,21,7,0,0,1,0,0,0,0.333333333,1.00E+12,1.00E+12,0,1,0.928571429,1
nntbfyf,28,2091,0,0,1,0,0,0,74.67857143,1.00E+12,1.00E+12,1,0,0,1
sudjfew,11,2287,0,0,1,0,0,0,207.9090909,1.00E+12,1.00E+12,1,0,0,1
dkkdoe2019,44,658,0,0,0,2,0,0,14.95454545,329,22,1,0,0.4,1
wqykncrt1,15,2314,0,0,1,0,0,0,154.2666667,1.00E+12,1.00E+12,1,0.25,0.111111111,1
seyedali8196,66,5444,0,0,1,0,1,0,82.48484848,1.00E+12,1.00E+12,1,0.111111111,0.333333333,1
hsiugc__1735,28,987,0,0,1,0,0,0,35.25,1.00E+12,1.00E+12,0,0.5,0.333333333,1
elnaz1234554,31,656,0,0,1,0,0,0,21.16129032,1.00E+12,1.00E+12,0,1,0.583333333,1
kokodgy,14,2108,0,0,1,0,0,0,150.5714286,1.00E+12,1.00E+12,1,1,0,1
ana_salma0,112,5528,0,0,1,0,0,0,49.35714286,1.00E+12,1.00E+12,0,1,0.1,1
amjhgfr57,34,3632,0,0,1,0,0,0,106.8235294,1.00E+12,1.00E+12,1,0.2,0.222222222,1
zaxo_squad21,40,4914,0,0,1,0,0,0,122.85,1.00E+12,1.00E+12,0,0.583333333,0.166666667,1
hyx92nrks,0,36,0,0,1,0,0,0,1.00E+12,1.00E+12,1.00E+12,0,0.142857143,0.222222222,1
mhtrfalbwbj2019,64,6078,0,0,1,1,1,0,94.96875,6078,64,1,0.25,0.266666667,1
alireza_1379_org,13,483,0,0,1,0,0,0,37.15384615,1.00E+12,1.00E+12,0,0.4375,0.25,1
attitude6041,24,3732,0,0,1,0,0,0,155.5,1.00E+12,1.00E+12,0,0.727272727,0.333333333,1
mathal123456,44,4406,0,0,1,1,0,0,100.1363636,4406,44,0,1,0.5,1
alideiaa1323,42,6048,0,0,1,0,0,0,144,1.00E+12,1.00E+12,1,1,0.333333333,1
hddgdh_rdhz,16,2286,0,0,1,0,0,0,142.875,1.00E+12,1.00E+12,1,0.166666667,0,1
abaz33hd,16,997,0,0,1,0,0,0,62.3125,1.00E+12,1.00E+12,1,0.2,0.25,1
halyay101,115,5313,0,0,1,0,0,0,46.2,1.00E+12,1.00E+12,0,0.142857143,0.333333333,1
nodbhdj,35,2956,0,0,1,0,0,0,84.45714286,1.00E+12,1.00E+12,1,1,0,1
hsnhbh71,22,3079,0,0,1,0,0,0,139.9545455,1.00E+12,1.00E+12,1,0.2,0.25,1
zq5cf,13,4370,0,1,0,2,0,0,336.1538462,2185,6.5,1,0,0.2,1
raniah50520,37,5311,0,0,1,0,0,0,143.5405405,1.00E+12,1.00E+12,1,1,0.454545455,1
y.u.i.__,15,2617,0,0,0,0,0,0,174.4666667,1.00E+12,1.00E+12,1,0,0,1
g2g__4,49,7495,0,0,1,0,0,0,152.9591837,1.00E+12,1.00E+12,0,0.5,0.333333333,1
gfgt53,87,6059,0,0,1,4,1,0,69.64367816,1514.75,21.75,1,1,0.333333333,1
tyali608,0,373,0,0,1,0,0,0,1.00E+12,1.00E+12,1.00E+12,1,1,0.375,1
liibaan6555,15,1712,0,0,1,0,0,0,114.1333333,1.00E+12,1.00E+12,1,1,0.363636364,1
nemooo.__,211,4216,1,0,1,0,1,36,19.98104265,1.00E+12,1.00E+12,0,0.066666667,0,1
hardadi177,12,1553,0,0,1,0,0,0,129.4166667,1.00E+12,1.00E+12,1,0.333333333,0.3,1
ghhgfusgfuyy5f,38,5792,0,0,1,0,1,0,152.4210526,1.00E+12,1.00E+12,0,1,0.071428571,1
___________________21__33,43,6034,0,0,1,1,1,0,140.3255814,6034,43,0,0,0.16,1
rdftb24,73,6281,0,0,1,0,1,0,86.04109589,1.00E+12,1.00E+12,1,1,0.285714286,1
ja.far3931,25,2092,0,0,1,0,0,0,83.68,1.00E+12,1.00E+12,1,1,0.4,1
ayda__ayda77,32,3055,0,0,1,0,0,0,95.46875,1.00E+12,1.00E+12,1,1,0.166666667,1
mehdi__moravej,287,271,0,1,1,14,1,0,0.944250871,19.35714286,20.5,0,0.857142857,0,0
atefehesamie,694,568,1,0,1,32,1,22,0.818443804,17.75,21.6875,1,1,0,0
dr.hossein.danesh1361,54,123,1,1,1,5,1,36,2.277777778,24.6,10.8,0,0.666666667,0.19047619,0
parisadehghani69,349,355,1,1,1,1,1,14,1.017191977,355,349,0,1,0.125,0
nima_eslamnezhad,62,75,0,1,1,7,1,0,1.209677419,10.71428571,8.857142857,0,1,0,0
ssahar_ahmd,59,102,1,1,1,6,1,29,1.728813559,17,9.833333333,1,1,0,0
dr_azin_eskandri,1884,1569,1,1,1,13,1,37,0.832802548,120.6923077,144.9230769,0,0.8,0,0
srj_hooman,566,511,1,1,0,0,1,63,0.902826855,1.00E+12,1.00E+12,1,0,0,0
lena_ft_96,592,974,1,1,0,5,1,35,1.64527027,194.8,118.4,1,0,0.2,0
mhosseini_mousavi,94,250,0,1,1,2,1,0,2.659574468,125,47,0,0.045454545,0,0
amirreza.mortazavi,7710,5534,1,1,1,703,1,45,0.717769131,7.87197724,10.96728307,0,1,0,0
zohreh.chegeni,88,53,1,1,1,36,1,94,0.602272727,1.472222222,2.444444444,0,0.666666667,0,0
elhamrahimi5532,172,677,1,1,1,0,1,18,3.936046512,1.00E+12,1.00E+12,0,1,0.266666667,0
maede.f.74,131,138,1,1,0,12,1,86,1.053435115,11.5,10.91666667,1,0,0.2,0
raeisi_amin_,2540,771,1,1,0,0,1,63,0.303543307,1.00E+12,1.00E+12,1,0,0,0
mahta8172,410,889,1,1,0,110,1,140,2.168292683,8.081818182,3.727272727,1,0,0.444444444,0
aaliee_zahab,393,1149,0,1,1,20,1,0,2.923664122,57.45,19.65,0,1,0,0
dr.movahed90,744,1240,1,1,1,40,1,106,1.666666667,31,18.6,1,0.2,0.166666667,0
sanaz_7479,996,1665,1,0,1,16,1,28,1.671686747,104.0625,62.25,0,0.833333333,0.4,0
dr.fateme_fzm,140,1453,1,1,1,0,0,108,10.37857143,1.00E+12,1.00E+12,1,1,0,0
elahehbodaghi,198,176,1,1,1,422,1,35,0.888888889,0.417061611,0.469194313,0,0.833333333,0,0
mahbube_dibaei,454,992,1,1,1,37,1,19,2.185022026,26.81081081,12.27027027,1,1,0,0
msafaeizade,605,2455,1,1,1,182,1,60,4.05785124,13.48901099,3.324175824,0,0,0,0
hamed_rad_1366,268,280,0,1,1,42,1,0,1.044776119,6.666666667,6.380952381,1,1,0.285714286,0
dorsa.nazary,510,248,1,1,1,4,1,100,0.48627451,62,127.5,0,0,0,0
dr.sepideh.70,150,178,1,1,1,14,1,27,1.186666667,12.71428571,10.71428571,0,0.7,0.153846154,0
greeeeeenway,530,511,1,1,0,54,1,128,0.964150943,9.462962963,9.814814815,1,0,0,0
bahman_d.n,3095,1802,1,1,1,36,0,65,0.582229402,50.05555556,85.97222222,0,0.538461538,0,0
d.r.ri,90,98,1,1,0,7,0,17,1.088888889,14,12.85714286,1,0,0,0
_dr.rzvnh.r_,205,255,1,1,1,4,1,19,1.243902439,63.75,51.25,0,0.25,0,0
dr.nahid.fathi,276,494,1,1,0,29,1,19,1.789855072,17.03448276,9.517241379,1,0,0,0
farnazj1370,163,576,1,1,1,8,1,20,3.533742331,72,20.375,0,0.411764706,0.363636364,0
dr.mhossein.k,1319,3027,1,1,1,32,1,11,2.294920394,94.59375,41.21875,1,1,0,0
m.mehdi_moravej,265,341,0,1,1,20,1,0,1.286792453,17.05,13.25,0,0.857142857,0,0
_donya_bagheriyan_,214,345,1,1,1,11,1,18,1.612149533,31.36363636,19.45454545,0,0.555555556,0,0
raha.n.z.94,595,787,1,1,0,108,1,10,1.322689076,7.287037037,5.509259259,1,0,0.181818182,0
bahareh_taati96,449,903,1,1,0,122,1,16,2.011135857,7.401639344,3.680327869,1,0,0.133333333,0
niosha_art1988,238,250,1,1,0,4,1,12,1.050420168,62.5,59.5,1,0,0.285714286,0
setarehrzi,199,2037,0,1,1,75,1,0,10.2361809,27.16,2.653333333,1,0.428571429,0,0
jonbesheesabz,9143,4478,1,0,1,673,1,45,0.489773597,6.653789004,13.58543834,0,0.636363636,0,0
marzie.ajami,319,501,1,1,1,0,1,10,1.570532915,1.00E+12,1.00E+12,0,0.5,0,0
azinkhalafiniya69,422,973,1,1,1,57,1,13,2.305687204,17.07017544,7.403508772,1,1,0.117647059,0
dr_mina.mahmoudzadeh,286,432,1,1,1,0,1,37,1.51048951,1.00E+12,1.00E+12,0,0.117647059,0,0
daneshjugram,2069,1732,1,0,1,32,1,121,0.837119381,54.125,64.65625,0,0,0,0
zahraf1996,248,327,1,0,1,24,1,11,1.318548387,13.625,10.33333333,1,0.153846154,0.4,0
elham70680,76,330,0,1,1,0,1,0,4.342105263,1.00E+12,1.00E+12,1,1,0.5,0
cna_ghoochani,331,354,1,1,1,45,1,63,1.069486405,7.866666667,7.355555556,1,1,0,0
emamifar1992,161,210,1,1,1,4,1,35,1.304347826,52.5,40.25,0,0.444444444,0.333333333,0
miss._.melika___,414,628,0,1,0,0,1,0,1.516908213,1.00E+12,1.00E+12,1,0,0,0
sj_sh_p,457,463,1,1,1,86,1,31,1.013129103,5.38372093,5.313953488,1,0.142857143,0,0
jafaropp,13,1406,0,0,1,0,0,0,108.1538462,1.00E+12,1.00E+12,1,1,0,1
alaergii9,35,1141,1,0,1,4,0,16,32.6,285.25,8.75,0,1,0.111111111,1
raeedfaeek00,10,2088,0,0,1,0,0,0,208.8,1.00E+12,1.00E+12,0,0,0.166666667,1
aboselrm,28,2529,0,0,1,0,0,0,90.32142857,1.00E+12,1.00E+12,1,0,0,1
sjajdjcjejh,12,698,0,0,1,0,0,0,58.16666667,1.00E+12,1.00E+12,1,0.142857143,0,1
ghghgh.l,39,5106,0,0,1,0,0,0,130.9230769,1.00E+12,1.00E+12,0,0.75,0,1
kamekame739,27,3439,0,0,1,0,0,0,127.3703704,1.00E+12,1.00E+12,0,0,0.272727273,1
rusdem.31,39,3354,0,0,1,0,1,0,86,1.00E+12,1.00E+12,0,0.857142857,0.222222222,1
gcnghcv,49,5549,0,0,1,0,0,0,113.244898,1.00E+12,1.00E+12,1,1,0,1
big2_heh231,46,1015,0,0,1,5,1,0,22.06521739,203,9.2,0,0.5,0.363636364,1
jihadoux,28,2862,0,0,1,0,0,0,102.2142857,1.00E+12,1.00E+12,1,1,0,1
rmanhhmmmd,19,2631,0,0,1,0,0,0,138.4736842,1.00E+12,1.00E+12,1,0.142857143,0,1
sss44mb,16,2148,0,0,1,0,0,0,134.25,1.00E+12,1.00E+12,1,0,0.285714286,1
h24mk,44,3984,0,0,1,0,0,0,90.54545455,1.00E+12,1.00E+12,1,0,0.4,1
ubshsii,11,2285,0,0,0,0,1,0,207.7272727,1.00E+12,1.00E+12,1,0,0,1
ahsyny2019,19,2064,0,0,1,0,1,0,108.6315789,1.00E+12,1.00E+12,1,1,0.4,1
sabama65,29,4050,0,0,1,0,0,0,139.6551724,1.00E+12,1.00E+12,1,1,0.25,1
zosnl40,29,3029,0,0,1,2,1,0,104.4482759,1514.5,14.5,0,0,0.285714286,1
gvavabshanhh98,47,5466,0,0,1,3,1,0,116.2978723,1822,15.66666667,1,1,0.142857143,1
zack_yusu,30,1027,0,0,1,0,0,0,34.23333333,1.00E+12,1.00E+12,0,0.4,0,1
g.ahly15,50,7481,0,1,1,1,1,0,149.62,7481,50,0,0.75,0.25,1
ok.z99,43,2935,1,0,1,1,0,1,68.25581395,2935,43,1,0.333333333,0.333333333,1
satypalzala,28,1634,0,0,1,0,0,0,58.35714286,1.00E+12,1.00E+12,0,0.466666667,0,1
s.alanezyy,40,2591,0,0,1,3,0,0,64.775,863.6666667,13.33333333,0,0.8,0,1
isamov_186,135,5940,0,0,1,0,1,0,44,1.00E+12,1.00E+12,0,0.666666667,0.3,1
hdhdhjskskksjksk,32,2909,0,0,1,1,1,0,90.90625,2909,32,1,1,0,1
hdhdhdhddhdyyyy,33,2640,0,0,1,0,0,0,80,1.00E+12,1.00E+12,1,0.4,0,1
arshd1939,19,193,0,0,1,0,1,0,10.15789474,1.00E+12,1.00E+12,1,0,0.444444444,1
morer245,22,3450,0,0,1,0,0,0,156.8181818,1.00E+12,1.00E+12,1,0.333333333,0.375,1
ahmedabaaaqi,25,1378,0,0,1,0,0,0,55.12,1.00E+12,1.00E+12,1,0.555555556,0,1
zgryjgd,77,2663,0,0,0,0,1,0,34.58441558,1.00E+12,1.00E+12,1,0,0,1
pedroalejandrolopez2000,14,1098,0,0,1,0,0,0,78.42857143,1.00E+12,1.00E+12,0,0,0.173913043,1
mz44jk,40,4442,0,0,1,1,1,0,111.05,4442,40,0,1,0.333333333,1
sebuhi_memmedli44,32,4570,0,0,1,0,0,0,142.8125,1.00E+12,1.00E+12,0,0.588235294,0.117647059,1
hedar.ahwazi,51,1248,0,0,1,0,0,0,24.47058824,1.00E+12,1.00E+12,0,0.5,0,1
vvccgg1368,14,2049,0,0,1,0,0,0,146.3571429,1.00E+12,1.00E+12,0,1,0.4,1
sugshs54,38,732,0,0,0,0,1,0,19.26315789,1.00E+12,1.00E+12,1,0,0.25,1
xx_bad12,118,3681,0,0,1,0,1,0,31.19491525,1.00E+12,1.00E+12,0,0.166666667,0.25,1
sajdjddbbebbe,116,5882,0,0,1,0,0,0,50.70689655,1.00E+12,1.00E+12,0,0.153846154,0,1
saraali2168,33,4033,0,0,1,0,0,0,122.2121212,1.00E+12,1.00E+12,1,1,0.363636364,1
hejsuxg,14,1501,0,0,0,0,0,0,107.2142857,1.00E+12,1.00E+12,1,0,0,1
zasdreqwrcnj,40,5244,0,0,1,0,0,0,131.1,1.00E+12,1.00E+12,1,0.25,0,1
kbdjodnfb,21,1723,0,0,1,0,0,0,82.04761905,1.00E+12,1.00E+12,0,0,0,1
derek.1030,51,3235,1,0,1,1,1,9,63.43137255,3235,51,1,1,0.4,1
kjdbhskksllxndnbej,21,3875,0,0,1,2,1,0,184.5238095,1937.5,10.5,1,1,0,1
abdocrazy70,24,3173,0,0,1,0,0,0,132.2083333,1.00E+12,1.00E+12,0,0.818181818,0.181818182,1
rtkook978767,35,4364,0,0,1,4,0,0,124.6857143,1091,8.75,1,0,0.5,1
itnn6,88,1810,1,0,0,0,1,56,20.56818182,1.00E+12,1.00E+12,1,0,0.2,1
ezidpbgg,67,2668,0,0,0,0,1,0,39.82089552,1.00E+12,1.00E+12,1,0,0,1
ali469518,16,1219,0,0,0,0,1,0,76.1875,1.00E+12,1.00E+12,1,0,0.666666667,1
morteza.j76,1094,1940,1,1,1,21,1,91,1.773308958,92.38095238,52.0952381,0,0.666666667,0.181818182,0
m.reza.nik,472,855,1,1,1,55,1,53,1.811440678,15.54545455,8.581818182,0,1,0,0
nimanezafat,70,179,0,1,1,0,1,0,2.557142857,1.00E+12,1.00E+12,0,1,0,0
mohammad.parsa.0000,43,54,0,1,1,0,1,0,1.255813953,1.00E+12,1.00E+12,1,1,0.210526316,0
mhd.omidifard,10172,347,1,0,1,64,1,145,0.034113252,5.421875,158.9375,1,0.588235294,0,0
tv.lov,91210,5990,1,0,1,1880,1,86,0.065672624,3.186170213,48.51595745,0,0,0,0
humanity.02s,151,48,1,0,0,0,1,82,0.317880795,1.00E+12,1.00E+12,1,0,0.166666667,0
leili_keto,44435,878,1,0,1,167,1,142,0.019759199,5.25748503,266.0778443,0,0.210526316,0,0
dalila_strama,153197,680,1,0,1,170,1,16,0.004438729,4,901.1588235,0,0.48,0,0
hagigatshia14,46474,51,1,0,1,1131,1,139,0.001097388,0.045092838,41.09106985,0,0,0.153846154,0
mazyar_fallahi,687567,144,1,0,1,960,1,39,0.000209434,0.15,716.215625,0,1,0,0
ehsankhajeamiri,2164913,127,1,0,1,678,1,29,5.87E-05,0.187315634,3193.087021,0,1,0,0
sara_faraz,53393,806,1,0,1,1472,1,150,0.015095612,0.547554348,36.27241848,0,0.529411765,0,0
mohsenchavoshi,1970895,76,0,0,1,66,1,0,3.86E-05,1.151515152,29862.04545,0,1,0,0
alihtfi,177,315,0,1,1,16,1,0,1.779661017,19.6875,11.0625,0,0.444444444,0,0
studyoverseas_fartash,1519,3,1,0,1,32,1,147,0.001974984,0.09375,47.46875,0,0.619047619,0,0
shayanjafari71,228,533,1,1,1,94,1,67,2.337719298,5.670212766,2.425531915,1,1,0.142857143,0
minitayebi,197,448,1,1,1,6,1,1,2.274111675,74.66666667,32.83333333,0,0,0,0
rozekhoun,47150,20,1,0,1,392,1,142,0.000424178,0.051020408,120.2806122,0,0,0,0
seif.v,120,196,0,1,1,21,1,0,1.633333333,9.333333333,5.714285714,0,0.444444444,0,0
babak.sadiye,447,526,1,1,1,71,1,125,1.176733781,7.408450704,6.295774648,1,0.25,0,0
ali_dalvand57,105,25,0,0,1,10,1,0,0.238095238,2.5,10.5,1,1,0.153846154,0
adel.abz,47,262,1,1,1,11,1,72,5.574468085,23.81818182,4.272727273,0,0.352941176,0,0
hosseinazimi.ir,12777,2923,1,0,1,58,1,87,0.228770447,50.39655172,220.2931034,0,1,0,0
saremi_ehsan,88,86,0,1,1,1,1,0,0.977272727,86,88,0,0.545454545,0,0
mehrdad.kiaa,126915,372,1,0,1,765,1,147,0.002931096,0.48627451,165.9019608,0,0,0,0
mohsen.haghighat.69,75,47,1,0,1,39,0,84,0.626666667,1.205128205,1.923076923,0,1,0.105263158,0
f_mirzaei_2019,19,19,0,1,1,0,0,0,1,1.00E+12,1.00E+12,1,0.142857143,0.285714286,0
owjmedia_org,122464,17,1,0,1,1263,1,125,0.000138816,0.013460016,96.96278702,0,0,0,0
khattmedia,56368,2,1,0,1,1454,1,93,3.55E-05,0.001375516,38.76753783,0,0,0,0
aljawadain.iq,384322,7,1,0,1,9698,1,148,1.82E-05,0.000721798,39.62899567,0,0,0,0
yarahmdi_69,31,1,0,0,1,0,0,0,0.032258065,1.00E+12,1.00E+12,0,0,0.181818182,0
mohamad71mehrabi,93,104,1,0,1,1,1,115,1.11827957,104,93,0,1,0.125,0
darya.mohammadzadeh.art,88327,149,1,0,1,457,1,129,0.001686913,0.326039387,193.2757112,0,0.666666667,0,0
ultra.fact,235865,15,1,0,1,1680,1,100,6.36E-05,0.008928571,140.3958333,0,0,0,0
arastehcharity,2992,37,1,0,1,76,1,148,0.01236631,0.486842105,39.36842105,0,0.56,0,0
morzaeri,200102,0,1,0,1,2558,1,13,0,0,78.22595778,0,0,0,0
arash_dalvand71,83,94,0,1,0,0,1,0,1.13253012,1.00E+12,1.00E+12,1,0,0.133333333,0
mehdi.z.9222,143,82,0,1,1,0,0,0,0.573426573,1.00E+12,1.00E+12,0,0.416666667,0.333333333,0
revenger216,30,13,0,0,1,0,0,0,0.433333333,1.00E+12,1.00E+12,1,0.2,0.272727273,0
mohsenalipour2014,917,1158,0,1,0,23,1,0,1.262813522,50.34782609,39.86956522,1,0,0.235294118,0
kiyanoosh__46,84,138,0,1,1,3,1,0,1.642857143,46,28,0,0,0.153846154,0
javad.ebrahimi2018,145,172,0,1,1,3,1,0,1.186206897,57.33333333,48.33333333,0,1,0.222222222,0
pourya.yarahmadi,217,265,1,1,1,4,1,79,1.221198157,66.25,54.25,0,1,0,0
nikookaransharif,50130,2942,1,0,1,400,1,139,0.058687413,7.355,125.325,0,0,0,0
peyman.raphe,881,950,1,0,1,55,1,146,1.078320091,17.27272727,16.01818182,0,1,0,0
yarafigh8,7653,1154,1,0,1,800,1,147,0.15079054,1.4425,9.56625,0,0,0.111111111,0
sanaznoury,3257,681,1,1,1,75,1,49,0.209088118,9.08,43.42666667,1,1,0,0
asalkhorsandian,49704,77,1,0,1,658,1,148,0.001549171,0.117021277,75.53799392,0,0,0,0
rahim64dorod,87,113,0,1,1,28,1,0,1.298850575,4.035714286,3.107142857,0,0.5,0.166666667,0
fritzistcool123,16,769,0,0,1,0,0,0,48.0625,1.00E+12,1.00E+12,0,0.6,0.2,1
aafonix7,34,3840,0,0,0,0,0,0,112.9411765,1.00E+12,1.00E+12,1,0,0.125,1
model__girls_11,26,2922,0,0,1,0,0,0,112.3846154,1.00E+12,1.00E+12,0,0.333333333,0.133333333,1
hawler104,42,3291,0,0,0,1,0,0,78.35714286,3291,42,1,0,0.333333333,1
dnjqdhbsbabbs,55,5806,0,0,1,0,1,0,105.5636364,1.00E+12,1.00E+12,1,1,0,1
ah9364950,37,3406,0,0,1,0,1,0,92.05405405,1.00E+12,1.00E+12,0,0.555555556,0.777777778,1
hhaa447hhaa,30,4338,0,0,1,0,0,0,144.6,1.00E+12,1.00E+12,0,1,0.272727273,1
6bhg5,41,5948,0,0,1,0,0,0,145.0731707,1.00E+12,1.00E+12,1,0,0.4,1
fqk64887,31,3264,0,0,1,0,0,0,105.2903226,1.00E+12,1.00E+12,1,0,0.625,1
jthfyuu,19,2456,0,0,1,0,0,0,129.2631579,1.00E+12,1.00E+12,1,1,0,1
mala__ali23,40,3555,0,0,1,0,0,0,88.875,1.00E+12,1.00E+12,0,0.454545455,0.181818182,1
sa2gs,115,7496,0,0,1,0,1,0,65.1826087,1.00E+12,1.00E+12,0,0,0.2,1
botaallms,110,2289,0,0,1,0,1,0,20.80909091,1.00E+12,1.00E+12,1,0.333333333,0,1
j223j9,15,1479,0,0,1,0,0,0,98.6,1.00E+12,1.00E+12,0,1,0.666666667,1
asenaker56,14,1169,0,0,1,0,0,0,83.5,1.00E+12,1.00E+12,0,1,0.2,1
vbbgujkk,34,5667,1,0,1,0,1,10,166.6764706,1.00E+12,1.00E+12,0,0,0,1
gknbvuonb,53,6128,0,0,1,0,0,0,115.6226415,1.00E+12,1.00E+12,1,0.25,0,1
ouy.16,36,3077,0,0,1,0,0,0,85.47222222,1.00E+12,1.00E+12,1,0,0.333333333,1
izak_son_,67,2825,1,0,1,1,1,4,42.1641791,2825,67,1,1,0,1
asd313a,28,5899,0,0,1,0,0,0,210.6785714,1.00E+12,1.00E+12,1,0,0.428571429,1
lyhra038,40,2909,0,0,1,0,0,0,72.725,1.00E+12,1.00E+12,1,0.4,0.375,1
hfdkyck3,54,4664,0,0,1,0,0,0,86.37037037,1.00E+12,1.00E+12,0,1,0.125,1
jedar980,41,4913,0,0,1,0,1,0,119.8292683,1.00E+12,1.00E+12,1,0.2,0.375,1
shsdgghj,141,4606,0,0,0,0,0,0,32.66666667,1.00E+12,1.00E+12,1,0,0,1
gueen_704,34,6058,0,0,1,0,0,0,178.1764706,1.00E+12,1.00E+12,1,1,0.333333333,1
plwjsiokm,58,6028,0,0,0,0,1,0,103.9310345,1.00E+12,1.00E+12,1,0,0,1
wwwyosef123,40,6095,0,0,1,1,0,0,152.375,6095,40,1,1,0.272727273,1
zamu0792,43,5004,0,0,1,0,0,0,116.372093,1.00E+12,1.00E+12,1,0.2,0.5,1
mustafaleo381,13,253,0,0,1,0,0,0,19.46153846,1.00E+12,1.00E+12,1,0,0.230769231,1
adem_nalkiran88,55,5800,0,0,1,0,0,0,105.4545455,1.00E+12,1.00E+12,0,0.666666667,0.133333333,1
reza.moradi13822019,19,1292,0,0,1,1,0,0,68,1292,19,1,1,0.421052632,1
rucduifd455,16,724,0,0,1,0,0,0,45.25,1.00E+12,1.00E+12,1,0.2,0.272727273,1
aliallami,26,1860,0,0,1,0,0,0,71.53846154,1.00E+12,1.00E+12,1,1,0,1
nwiebdii,21,2548,0,0,0,0,1,0,121.3333333,1.00E+12,1.00E+12,1,0,0,1
hygrd53,146,3601,0,0,1,1,1,0,24.66438356,3601,146,0,1,0.285714286,1
9944666lfk,60,6345,0,0,1,0,0,0,105.75,1.00E+12,1.00E+12,1,0.333333333,0.7,1
fakeprofil2392,34,3337,0,0,1,0,0,0,98.14705882,1.00E+12,1.00E+12,1,0.5,0.285714286,1
x__xx_22,12,1246,0,0,1,0,0,0,103.8333333,1.00E+12,1.00E+12,0,0.25,0.25,1
cakaara77,45,3662,0,0,1,0,0,0,81.37777778,1.00E+12,1.00E+12,0,1,0.222222222,1
qaashuu,28,3206,0,0,1,0,0,0,114.5,1.00E+12,1.00E+12,1,0.333333333,0,1
neda29542954,49,4974,0,0,1,0,0,0,101.5102041,1.00E+12,1.00E+12,0,1,0.666666667,1
s_afo8,33,5297,0,0,1,0,0,0,160.5151515,1.00E+12,1.00E+12,1,0,0.166666667,1
1add1824a7,30,4314,0,0,1,1,1,0,143.8,4314,30,1,0,0.6,1
zxcv1916,34,5299,0,0,0,0,0,0,155.8529412,1.00E+12,1.00E+12,1,0,0.5,1
poopali21,13,2223,0,0,1,0,0,0,171,1.00E+12,1.00E+12,0,0.333333333,0.222222222,1
_._i.mohammad_._,43,3448,1,0,1,3,0,4,80.18604651,1149.333333,14.33333333,0,0,0,1
vvhi45e,73,6097,0,0,1,1,1,0,83.52054795,6097,73,1,0,0.285714286,1
woood7281,33,4187,1,0,1,0,1,8,126.8787879,1.00E+12,1.00E+12,1,0.142857143,0.444444444,1
f_n_m_83.8,34,3186,1,1,1,0,0,27,93.70588235,1.00E+12,1.00E+12,0,0.181818182,0.3,1
alireza_dalvand2256,197,317,1,0,1,14,1,45,1.609137056,22.64285714,14.07142857,1,1,0.210526316,0
sara__kashkuli,101,143,1,1,1,6,1,67,1.415841584,23.83333333,16.83333333,0,1,0,0
alavitehrani.ir,9915,7335,1,0,1,17,1,109,0.7397882,431.4705882,583.2352941,0,0,0,0
payam_shahinfar,133,114,0,0,0,38,1,0,0.857142857,3,3.5,1,0,0,0
miladks_,156,197,1,1,1,10,1,51,1.262820513,19.7,15.6,1,1,0,0
vahid.dlv70,70,88,1,1,1,8,1,56,1.257142857,11,8.75,0,0.5,0.181818182,0
bargh_smart,117,199,0,0,1,23,1,0,1.700854701,8.652173913,5.086956522,1,0,0,0
mj.fahimi68,28,84,0,1,1,0,0,0,3,1.00E+12,1.00E+12,1,1,0.181818182,0
mmff182,72,67,0,0,1,0,0,0,0.930555556,1.00E+12,1.00E+12,1,1,0.428571429,0
usainmyeyes,12001,31,1,0,1,113,1,142,0.002583118,0.274336283,106.2035398,0,0.166666667,0,0
samaneh_k_a,319,354,1,1,1,14,1,63,1.109717868,25.28571429,22.78571429,0,0.142857143,0,0
mortezaa.farajii,110,113,1,1,1,12,1,20,1.027272727,9.416666667,9.166666667,0,0.538461538,0,0
ehsan.tavoseh.official,173,163,1,0,1,4,1,143,0.942196532,40.75,43.25,0,0.363636364,0,0
mohamadhasan.rohani,91699,110,1,0,1,408,1,150,0.001199577,0.269607843,224.752451,0,0,0,0
tarhemehr,30258,87,1,0,1,62,1,93,0.002875273,1.403225806,488.0322581,0,0,0,0
khodadad_sharif,232,313,0,1,1,16,1,0,1.349137931,19.5625,14.5,0,1,0,0
hrajabpour61,79,174,0,1,1,21,1,0,2.202531646,8.285714286,3.761904762,0,0,0.166666667,0
a.salimiyan_306,452,419,1,1,0,6,1,21,0.92699115,69.83333333,75.33333333,1,0,0.2,0
re3amohammadi,245,258,0,1,1,0,1,0,1.053061224,1.00E+12,1.00E+12,0,0.769230769,0.076923077,0
barghsmart8882018,17,97,0,1,1,0,0,0,5.705882353,1.00E+12,1.00E+12,1,1,0.411764706,0
mahdi_daneshmand_,682766,24,1,0,1,870,1,140,3.52E-05,0.027586207,784.7885057,0,0,0,0
amirabbasi133,111091,312,1,0,1,1881,1,105,0.002808508,0.165869219,59.0595428,0,0,0.230769231,0
mhby6011,76,90,0,1,1,50,1,0,1.184210526,1.8,1.52,0,0,0.5,0
sdllh8936,163,142,0,0,1,32,1,0,0.871165644,4.4375,5.09375,0,0.166666667,0.444444444,0
aminashenairanian,1474,0,1,0,1,66,1,120,0,0,22.33333333,0,0.80952381,0,0
ahmadvand8763,21,25,0,0,1,0,0,0,1.19047619,1.00E+12,1.00E+12,0,0.529411765,0.307692308,0
miladhallconcerts,983,1468,1,0,1,131,1,41,1.493387589,11.20610687,7.503816794,1,1,0,0
sharifihaa,42103,66,1,0,1,1144,1,149,0.001567584,0.057692308,36.80332168,0,0,0,0
zahra_hosseini20188,70,184,0,1,1,0,1,0,2.628571429,1.00E+12,1.00E+12,1,1,0.263157895,0
eydi_dalvand,95,43,0,0,1,2,1,0,0.452631579,21.5,47.5,0,0,0,0
moslem_razani2,5054,2939,1,1,1,4,1,81,0.581519588,734.75,1263.5,1,1,0.071428571,0
hojat9813,210,42,0,0,1,6,1,0,0.2,7,35,0,0.384615385,0.444444444,0
dalvand.behzad,1027,1506,1,0,1,21,1,55,1.466407011,71.71428571,48.9047619,0,0.538461538,0,0
farzad_d4495,47,62,0,1,1,10,1,0,1.319148936,6.2,4.7,0,0.5,0.333333333,0
hossein_96310,68,18,0,0,1,2,1,0,0.264705882,9,34,0,0,0.384615385,0
moslem.razani.69,58,57,0,1,1,6,1,0,0.982758621,9.5,9.666666667,0,1,0.125,0
rahimdorod2017,36,21,0,0,0,0,1,0,0.583333333,1.00E+12,1.00E+12,1,0,0.285714286,0
ali_behrooz78,4225,145,1,1,1,12,1,22,0.034319527,12.08333333,352.0833333,0,0,0.153846154,0
pfathip,2750,4815,1,1,1,34,1,140,1.750909091,141.6176471,80.88235294,0,0.384615385,0,0
nemat_68,46,35,0,0,1,0,0,0,0.760869565,1.00E+12,1.00E+12,1,1,0.25,0
rahim64jamaran,53,100,0,1,1,27,1,0,1.886792453,3.703703704,1.962962963,1,1,0.142857143,0
mehrnoush.morteza,142,152,1,1,1,42,1,71,1.070422535,3.619047619,3.380952381,0,0.5625,0,0
shoreshshokoohi,245,227,0,0,1,37,1,0,0.926530612,6.135135135,6.621621622,0,1,0,0
elnaz.tav,241,252,0,1,1,16,1,0,1.045643154,15.75,15.0625,0,0.444444444,0,0
s_a_m_b_a_b_a_,160,145,0,0,1,20,1,0,0.90625,7.25,8,1,0,0,0
mohammad_anousheh,180,176,0,1,1,6,1,0,0.977777778,29.33333333,30,1,1,0,0
universitygraphy,970,2884,1,0,1,30,1,141,2.973195876,96.13333333,32.33333333,0,0,0,0
reza_maghsoudi_,720,770,0,1,1,158,1,0,1.069444444,4.873417722,4.556962025,0,0,0,0
jaafari.omid,235,255,0,1,1,9,1,0,1.085106383,28.33333333,26.11111111,0,0.5,0,0
vahiduouo.jak123,28,6863,0,0,1,0,1,0,245.1071429,1.00E+12,1.00E+12,1,1,0.1875,1
eajiedisjajsj,41,4003,0,0,0,0,0,0,97.63414634,1.00E+12,1.00E+12,1,0,0,1
vhejejeik,26,4142,0,0,0,0,1,0,159.3076923,1.00E+12,1.00E+12,1,0,0,1
davodfhgg,113,7434,0,0,1,0,0,0,65.78761062,1.00E+12,1.00E+12,1,1,0,1
loayaltaieey,53,1515,0,0,1,1,1,0,28.58490566,1515,53,0,1,0,1
mjrigjrjcjf,4,1387,0,0,1,1,0,0,346.75,1387,4,1,0.181818182,0,1
hstgd52,76,6483,0,0,1,0,1,0,85.30263158,1.00E+12,1.00E+12,1,1,0.285714286,1
elhep2,17,1746,0,0,0,0,0,0,102.7058824,1.00E+12,1.00E+12,1,0,0.166666667,1
15cishifm,44,5999,0,0,1,0,0,0,136.3409091,1.00E+12,1.00E+12,0,0.454545455,0.222222222,1
jhkjknli,10,1200,0,0,1,0,0,0,120,1.00E+12,1.00E+12,0,0.888888889,0,1
fgre.k666,31,4709,0,0,1,1,0,0,151.9032258,4709,31,0,0.444444444,0.333333333,1
elmashahir_fans,23,2564,0,0,1,0,0,0,111.4782609,1.00E+12,1.00E+12,0,0.4,0,1
hjejehehhejeje77,21,4458,0,0,1,0,0,0,212.2857143,1.00E+12,1.00E+12,1,0.571428571,0.125,1
hshzhwhsh,11,3317,0,0,1,0,0,0,301.5454545,1.00E+12,1.00E+12,1,1,0,1
yvvvbbddh,19,2499,0,0,1,0,0,0,131.5263158,1.00E+12,1.00E+12,0,0,0,1
fortnitejanvik,40,2768,0,0,1,0,1,0,69.2,1.00E+12,1.00E+12,1,0.125,0,1
irani.girl.1380,62,1316,1,0,1,2,1,28,21.22580645,658,31,0,0.333333333,0.266666667,1
mayuoiu,38,5998,0,0,1,0,0,0,157.8421053,1.00E+12,1.00E+12,1,1,0,1
sjxjzixuxcnicu,24,2239,0,0,1,0,0,0,93.29166667,1.00E+12,1.00E+12,0,0.125,0,1
mr._paka._,87,6329,0,0,1,0,0,0,72.74712644,1.00E+12,1.00E+12,1,1,0,1
abbas._.78_,83,7046,0,0,1,0,1,0,84.89156627,1.00E+12,1.00E+12,1,1,0.181818182,1
4506.ina,33,2794,0,0,1,0,0,0,84.66666667,1.00E+12,1.00E+12,0,0.75,0.5,1
shima6579jg,18,2419,0,0,1,0,0,0,134.3888889,1.00E+12,1.00E+12,1,1,0.363636364,1
my_love_sajedeh_20,66,6621,0,0,1,0,1,0,100.3181818,1.00E+12,1.00E+12,1,0.25,0.111111111,1
ag327154,113,2377,0,0,1,0,0,0,21.03539823,1.00E+12,1.00E+12,1,0.5,0.75,1
mahsa_gon86,26,2222,1,0,1,2,1,43,85.46153846,1111,13,1,0,0.181818182,1
am8202171,55,7500,0,0,1,0,0,0,136.3636364,1.00E+12,1.00E+12,1,0.111111111,0.777777778,1
s687556,72,4118,0,0,1,0,0,0,57.19444444,1.00E+12,1.00E+12,0,1,0.857142857,1
aa0300700,31,4197,0,0,1,0,0,0,135.3870968,1.00E+12,1.00E+12,0,0.071428571,0.777777778,1
armana7654,26,1378,0,0,1,0,0,0,53,1.00E+12,1.00E+12,0,1,0.4,1
a.jamali7064,28,4608,0,1,1,1,0,0,164.5714286,4608,28,0,0.75,0.333333333,1
ahmedkarim762019,49,5052,0,0,0,4,0,0,103.1020408,1263,12.25,1,0,0.375,1
ederson0709,16,1228,0,0,1,0,0,0,76.75,1.00E+12,1.00E+12,0,0.3,0.363636364,1
dota2amirsoro,56,2489,0,0,1,1,1,0,44.44642857,2489,56,0,0.363636364,0.076923077,1
ayoub_947,6,1111,0,0,1,0,0,0,185.1666667,1.00E+12,1.00E+12,0,0.714285714,0.333333333,1
masi.khosh9,5,2413,0,1,1,11,1,0,482.6,219.3636364,0.454545455,0,0.5,0.090909091,1
ali35570,265,5266,0,0,1,1,0,0,19.87169811,5266,265,1,1,0.625,1
sogoliax,63,2253,0,1,1,3,1,0,35.76190476,751,21,1,1,0,1
19nima.sadeghi,17,1258,0,0,1,0,0,0,74,1.00E+12,1.00E+12,0,0.583333333,0.142857143,1
ho3in_mirza,141,6258,0,0,1,0,0,0,44.38297872,1.00E+12,1.00E+12,1,0.333333333,0.090909091,1
conchehreh,18,1371,0,0,1,0,0,0,76.16666667,1.00E+12,1.00E+12,1,1,0,1
konchehreh,9,1430,0,0,1,0,0,0,158.8888889,1.00E+12,1.00E+12,1,1,0,1
amirhoseinhoseinzadeh1456,16,1147,0,0,1,0,0,0,71.6875,1.00E+12,1.00E+12,1,0,0.16,1
parisamorradi,36,4249,0,0,1,0,0,0,118.0277778,1.00E+12,1.00E+12,1,1,0,1
dfffddd1231,12,1641,0,0,1,0,0,0,136.75,1.00E+12,1.00E+12,0,0,0.363636364,1
spok_spok2,66,5314,0,0,1,0,0,0,80.51515152,1.00E+12,1.00E+12,0,0.444444444,0.1,1
ghavami.naser,910,4454,0,1,1,120,1,0,4.894505495,37.11666667,7.583333333,0,0,0,0
morteza.nooralinezhad,871,693,1,1,1,172,1,9,0.795637199,4.029069767,5.063953488,0,1,0,0
payamshahinfar1,102,71,0,0,1,46,1,0,0.696078431,1.543478261,2.217391304,0,1,0.066666667,0
gilehva.restaurant,2860,1548,1,0,1,239,1,109,0.541258741,6.476987448,11.9665272,0,1,0,0
shoershshokoohi,17,1,0,0,1,0,0,0,0.058823529,1.00E+12,1.00E+12,0,0,0,0
sasan_salem,511,281,1,0,1,50,1,143,0.549902153,5.62,10.22,0,0.909090909,0,0
payamr8734,44,1,0,0,1,3,1,0,0.022727273,0.333333333,14.66666667,0,0.357142857,0.4,0
shirzad3106,97,73,0,1,1,17,1,0,0.75257732,4.294117647,5.705882353,1,1,0.363636364,0
r.e.z.a_tbz,214,250,1,1,0,39,1,49,1.168224299,6.41025641,5.487179487,1,0,0,0
m.b.golbabaei,155,248,0,1,1,12,1,0,1.6,20.66666667,12.91666667,0,0.692307692,0,0
rezaeireza88,298,404,1,1,1,57,1,120,1.355704698,7.087719298,5.228070175,0,0.6,0.166666667,0
soleymani.saman,304,366,1,1,1,65,1,25,1.203947368,5.630769231,4.676923077,0,0.6,0,0
mehdi.ahmadi11,501,76,0,1,1,17,1,0,0.151696607,4.470588235,29.47058824,0,0.333333333,0.142857143,0
__najmeh.z__,325,363,1,0,1,31,1,102,1.116923077,11.70967742,10.48387097,1,1,0,0
h.hedayat_ganji,319,421,1,1,1,22,1,116,1.319749216,19.13636364,14.5,0,0,0,0
mojtababidoki,126,93,1,1,1,23,1,132,0.738095238,4.043478261,5.47826087,0,0,0,0
pix_arts,1043,603,1,0,1,573,1,132,0.578139981,1.052356021,1.820244328,0,0.076923077,0,0
eli_majdinasab,141,112,0,1,1,45,1,0,0.794326241,2.488888889,3.133333333,0,0.666666667,0,0
m.gh.nova,539,716,1,0,1,32,1,19,1.3283859,22.375,16.84375,0,0.133333333,0,0
ahmad_nazari_talkhabi,294,296,0,0,1,7,1,0,1.006802721,42.28571429,42,0,1,0,0
mahsa.abomaashzadeh,69,250,1,1,1,5,1,19,3.623188406,50,13.8,1,1,0,0
iraj_behroz,418,588,0,0,1,16,1,0,1.406698565,36.75,26.125,1,1,0,0
saeddalvand62gmil.com8606,30,0,0,0,1,5,1,0,0,0,6,0,0.590909091,0.24,0
mehrzad_karimi83,178,495,0,1,1,1,1,0,2.780898876,495,178,0,0.866666667,0.125,0
alishokouhnia,31,0,0,0,1,0,0,0,0,1.00E+12,1.00E+12,0,1,0,0
sm___mousavi,93,66,0,1,1,0,1,0,0.709677419,1.00E+12,1.00E+12,0,0.2,0,0
khs2887,25,0,0,0,1,0,0,0,0,1.00E+12,1.00E+12,0,0,0.571428571,0
rezamsghsoudi,67,45,0,0,1,0,0,0,0.671641791,1.00E+12,1.00E+12,0,1,0,0
mohammad_bz_67,112,132,1,1,1,23,1,22,1.178571429,5.739130435,4.869565217,1,1,0.142857143,0
ali_dalvand.k.m,94,114,0,1,1,53,1,0,1.212765957,2.150943396,1.773584906,1,1,0,0
arashghaderi.juve,274,278,1,1,1,24,1,51,1.01459854,11.58333333,11.41666667,0,1,0,0
nadimshakeri,188,349,0,1,1,229,1,0,1.856382979,1.524017467,0.820960699,1,0.625,0,0
reza.hsnz,154,454,1,1,1,19,1,47,2.948051948,23.89473684,8.105263158,0,0.266666667,0,0
azinhossen,220,417,1,1,1,27,0,1,1.895454545,15.44444444,8.148148148,0,0.384615385,0,0
jaarband,348,255,1,0,1,14,1,147,0.732758621,18.21428571,24.85714286,1,1,0,0
uxneurochallenge,1657,19,1,0,1,125,1,119,0.011466506,0.152,13.256,0,0.608695652,0,0
h.bevrani,1353,280,1,0,1,5,1,23,0.206947524,56,270.6,0,0.538461538,0,0
ayubataie,209,267,1,1,1,20,1,85,1.277511962,13.35,10.45,0,0.777777778,0,0
hamedforouz,76,120,1,0,1,4,1,52,1.578947368,30,19,0,0.6875,0,0
hosseinlorstani,5641,779,1,0,1,24,1,37,0.138096082,32.45833333,235.0416667,1,1,0,0
_saeed.nasiri_,85,134,1,1,1,5,1,84,1.576470588,26.8,17,0,1,0,0
amir.daneshyar,248,519,1,1,1,26,1,90,2.092741935,19.96153846,9.538461538,0,1,0,0
aliyarahmadi7925,206,254,0,1,1,50,1,0,1.233009709,5.08,4.12,1,1,0.25,0
benyamin_kheradvar,230,223,1,0,1,61,1,49,0.969565217,3.655737705,3.770491803,0,0.818181818,0,0
mohammad_roustaei67,307,270,0,0,0,4,1,0,0.879478827,67.5,76.75,1,0,0.105263158,0
khodadad_sharifbohlooli,88,105,0,1,1,5,1,0,1.193181818,21,17.6,0,1,0,0
hamid.raddd,76,342,1,1,1,36,1,60,4.5,9.5,2.111111111,0,0.333333333,0,0
amiri.h.korosh,164,119,1,1,1,6,1,37,0.725609756,19.83333333,27.33333333,1,0.571428571,0,0
ali_khaksar_bf,66,73,0,1,1,2,1,0,1.106060606,36.5,33,1,0.428571429,0,0
ali.__.s95,136,802,1,1,1,0,1,26,5.897058824,1.00E+12,1.00E+12,1,0.444444444,0.2,0
mtaztaz0,33,2482,1,0,1,5,1,8,75.21212121,496.4,6.6,1,1,0.125,1
mohammed99016,23,1918,0,0,1,0,0,0,83.39130435,1.00E+12,1.00E+12,0,1,0.384615385,1
dghdfhgdgww2,24,1944,0,0,1,0,1,0,81,1.00E+12,1.00E+12,1,0.25,0.083333333,1
mohammedcom700,42,5679,0,0,1,0,0,0,135.2142857,1.00E+12,1.00E+12,0,1,0.214285714,1
l96132100904,54,4844,1,0,1,16,1,7,89.7037037,302.75,3.375,1,0,0.916666667,1
mcmena9,426,2748,0,0,1,24,1,0,6.450704225,114.5,17.75,0,0.1,0.142857143,1
s2s2asas,13,3526,0,0,1,0,0,0,271.2307692,1.00E+12,1.00E+12,0,1,0.25,1
aloshe989,62,4788,0,0,1,0,0,0,77.22580645,1.00E+12,1.00E+12,0,0.555555556,0.333333333,1
noor200ali23,15,4284,0,0,1,0,0,0,285.6,1.00E+12,1.00E+12,1,1,0.416666667,1
hossenamir352,56,7500,0,0,1,0,0,0,133.9285714,1.00E+12,1.00E+12,1,0.25,0.230769231,1
amshaotman84,15,2453,0,0,1,0,0,0,163.5333333,1.00E+12,1.00E+12,0,0.166666667,0.166666667,1
lolo_jan891,20,5190,0,0,1,0,0,0,259.5,1.00E+12,1.00E+12,0,0.5,0.272727273,1
zorojan111,132,6044,0,0,1,3,0,0,45.78787879,2014.666667,44,1,0.25,0.3,1
abdamer2433,64,6797,0,0,1,0,1,0,106.203125,1.00E+12,1.00E+12,0,0,0.363636364,1
nozar0111,36,5527,0,0,1,0,0,0,153.5277778,1.00E+12,1.00E+12,0,1,0.444444444,1
sina_mazlom,436,4586,0,1,1,0,0,0,10.51834862,1.00E+12,1.00E+12,0,0.545454545,0,1
ff.28ferielmr,11,3049,0,0,1,0,0,0,277.1818182,1.00E+12,1.00E+12,0,0.666666667,0.153846154,1
sameer22212019,0,232,0,0,1,0,0,0,1.00E+12,1.00E+12,1.00E+12,1,1,0.571428571,1
ramyn174,45,4031,0,0,1,1,0,0,89.57777778,4031,45,0,1,0.375,1
loufiakram,2,978,0,0,1,0,0,0,489,1.00E+12,1.00E+12,1,0.4,0,1
rezagochi12,21,1590,0,0,0,0,0,0,75.71428571,1.00E+12,1.00E+12,1,0,0.181818182,1
jhha669,23,3557,0,0,1,0,0,0,154.6521739,1.00E+12,1.00E+12,0,1,0.428571429,1
smntha227357,33,3631,0,0,1,0,0,0,110.030303,1.00E+12,1.00E+12,0,1,0.5,1
mahmodalfokmq,16,1054,0,0,1,0,0,0,65.875,1.00E+12,1.00E+12,1,1,0,1
khanpapa121,60,1045,0,0,1,0,0,0,17.41666667,1.00E+12,1.00E+12,1,0.25,0.272727273,1
memememe4708,865,3535,0,0,1,0,0,0,4.086705202,1.00E+12,1.00E+12,0,1,0.333333333,1
nasssiii72,797,1356,0,0,1,0,1,0,1.701380176,1.00E+12,1.00E+12,0,1,0.2,1
yy.ns,1095,278,1,0,1,34,1,36,0.253881279,8.176470588,32.20588235,0,0,0,1
soso_dalo3a2,36,4939,0,0,1,0,1,0,137.1944444,1.00E+12,1.00E+12,1,1,0.166666667,1
marymk34,227,6646,0,0,1,0,0,0,29.27753304,1.00E+12,1.00E+12,0,0.4,0.25,1
jakliene4773,39,6252,0,0,1,0,0,0,160.3076923,1.00E+12,1.00E+12,0,1,0.333333333,1
abbbasw,60,6102,0,0,1,0,0,0,101.7,1.00E+12,1.00E+12,1,0.8,0,1
hssena316,19,1174,0,0,1,0,0,0,61.78947368,1.00E+12,1.00E+12,1,0.333333333,0.333333333,1
foot.affiche02,36,5210,0,0,1,0,0,0,144.7222222,1.00E+12,1.00E+12,0,0.642857143,0.142857143,1
vgyujffhjg,20,3115,0,0,1,0,0,0,155.75,1.00E+12,1.00E+12,1,1,0,1
star.lastar.01,20,4656,0,0,1,0,0,0,232.8,1.00E+12,1.00E+12,1,0.25,0.142857143,1
brm_mohamed_,29,3940,0,0,1,0,0,0,135.862069,1.00E+12,1.00E+12,0,0.636363636,0,1
maliksettif,21,3686,0,0,1,0,0,0,175.5238095,1.00E+12,1.00E+12,0,1,0,1
jvcjjbcs,25,4013,0,0,1,0,0,0,160.52,1.00E+12,1.00E+12,1,1,0,1
jvfyu891245,61,3845,0,0,1,1,1,0,63.03278689,3845,61,1,0.142857143,0.545454545,1
askan_0,5,5857,0,1,1,0,0,0,1171.4,1.00E+12,1.00E+12,1,1,0.142857143,1
wlywlyzad,16,2178,0,0,1,0,0,0,136.125,1.00E+12,1.00E+12,1,0.25,0,1
lution40098,8,2731,0,0,1,0,0,0,341.375,1.00E+12,1.00E+12,1,0,0.454545455,1
hdjeuhdb,28,1748,0,0,1,0,0,0,62.42857143,1.00E+12,1.00E+12,1,0.285714286,0,1
de_niz1941,34,3830,0,0,1,1,1,0,112.6470588,3830,34,1,1,0.4,1
mwwww56,21,1776,0,0,1,0,0,0,84.57142857,1.00E+12,1.00E+12,1,1,0.285714286,1
mamasm5,19,1835,0,0,1,0,0,0,96.57894737,1.00E+12,1.00E+12,1,1,0.142857143,1
xo5711,12,2324,0,1,1,0,0,0,193.6666667,1.00E+12,1.00E+12,1,0.142857143,0.666666667,1
a123456789sun,25,2808,0,0,1,0,0,0,112.32,1.00E+12,1.00E+12,0,1,0.692307692,1
hamed_k1995h,57,69,0,0,1,2,1,0,1.210526316,34.5,28.5,0,0.857142857,0.333333333,0
soltan.ebrahimi,177,199,1,0,1,71,1,56,1.124293785,2.802816901,2.492957746,0,0.583333333,0,0
7ahra_bghn,59,159,1,1,0,21,1,42,2.694915254,7.571428571,2.80952381,1,0,0.1,0
mehrdad_ramezany_1996,274,797,1,1,1,54,1,29,2.908759124,14.75925926,5.074074074,0,0.4375,0.19047619,0
mehre._taha,503,768,1,0,0,22,1,122,1.526838966,34.90909091,22.86363636,1,0,0,0
ashkan_moradi_pv,55,68,1,1,1,3,1,11,1.236363636,22.66666667,18.33333333,0,0.461538462,0,0
fatemekarimi98,265,444,1,1,1,41,1,63,1.675471698,10.82926829,6.463414634,0,1,0.142857143,0
ali.namdar.shz,996,972,1,1,1,2,1,77,0.975903614,486,498,0,0.428571429,0,0
fatemeh.afzalli,112,1013,1,1,0,8,1,1,9.044642857,126.625,14,1,0,0,0
elham_9193,44,95,0,1,1,5,1,0,2.159090909,19,8.8,0,1,0.4,0
arian.fotouhi,191,239,1,1,1,3,1,20,1.251308901,79.66666667,63.66666667,0,0.538461538,0,0
baharvandi1999,39,143,0,1,1,0,1,0,3.666666667,1.00E+12,1.00E+12,1,0.25,0.285714286,0
mehrdad0408,2034,252,0,1,1,20,1,0,0.123893805,12.6,101.7,1,1,0.363636364,0
shima96189,66,135,0,0,1,0,0,0,2.045454545,1.00E+12,1.00E+12,0,1,0.5,0
pop13751375,1046,523,0,0,1,2,1,0,0.5,261.5,523,0,0,0.727272727,0
sepehr.rabiei_14,211,694,1,1,1,29,1,79,3.289099526,23.93103448,7.275862069,0,1,0.125,0
tikktakk9286,110,480,1,1,0,0,1,42,4.363636364,1.00E+12,1.00E+12,1,0,0.333333333,0
armin_hosseni_zadeh,83,310,1,1,1,34,1,31,3.734939759,9.117647059,2.441176471,1,1,0,0
1331mohammad,153,268,1,0,0,2,1,19,1.751633987,134,76.5,1,0,0.333333333,0
parnazabbasi,268,337,1,1,1,19,1,41,1.257462687,17.73684211,14.10526316,0,0.461538462,0,0
hosean.ardakani,393,584,0,1,1,40,1,0,1.486005089,14.6,9.825,1,0.428571429,0,0
farmaniyehtchibo,1024,1824,1,0,1,866,1,148,1.78125,2.106235566,1.182448037,0,0.625,0,0
sepide_salimii,134,338,0,1,1,39,1,0,2.52238806,8.666666667,3.435897436,1,1,0,0
virgooooooool_elec,9596,958,1,0,0,58,1,78,0.099833264,16.51724138,165.4482759,1,0,0,0
mohamadsaberi_architect,832,2515,1,1,1,96,0,31,3.022836538,26.19791667,8.666666667,1,1,0,0
hemmati_2rooholla,71,136,0,1,1,9,1,0,1.915492958,15.11111111,7.888888889,0,0.9,0.058823529,0
fa_rhad3877,118,43,1,0,1,4,1,31,0.36440678,10.75,29.5,0,0.6,0.363636364,0
arefgeravanadian,289,475,1,1,1,10,1,88,1.643598616,47.5,28.9,1,1,0,0
abolfazlafzali2244,114,121,1,1,1,14,1,29,1.061403509,8.642857143,8.142857143,0,1,0.222222222,0
mohtavaland_com,824,568,1,0,1,15,1,85,0.689320388,37.86666667,54.93333333,0,0.55,0,0
sabaa_norouzi,172,326,0,1,1,15,1,0,1.895348837,21.73333333,11.46666667,0,0.571428571,0,0
farnoosh_peikani.pv,54,2710,1,1,1,75,1,75,50.18518519,36.13333333,0.72,1,1,0,0
_sarah_hmd_,137,148,0,1,1,0,1,0,1.080291971,1.00E+12,1.00E+12,1,1,0,0
parsa950521,49,49,0,0,1,0,0,0,1,1.00E+12,1.00E+12,1,1,0.545454545,0
soheilyousefi1998,217,449,0,1,1,10,1,0,2.069124424,44.9,21.7,1,1,0.235294118,0
saeed__imanparast,166,256,1,1,1,1,1,22,1.542168675,256,166,0,1,0,0
yaser.sh3363,631,162,1,1,1,9,1,149,0.256735341,18,70.11111111,0,0.555555556,0.333333333,0
hesamrastegar1,39,52,1,1,1,0,1,28,1.333333333,1.00E+12,1.00E+12,1,1,0.071428571,0
farid._.shiri,256,298,1,1,1,0,1,20,1.1640625,1.00E+12,1.00E+12,1,1,0,0
saeid__geravand,566,1111,0,0,0,22,1,0,1.962897527,50.5,25.72727273,1,0,0,0
ehsann.masoumi,72,125,1,1,1,4,1,13,1.736111111,31.25,18,0,0.538461538,0,0
___maryam.moradi___,142,452,1,1,0,63,1,16,3.183098592,7.174603175,2.253968254,1,0,0,0
f_ghvmi,19,55,0,1,1,0,1,0,2.894736842,1.00E+12,1.00E+12,1,0.142857143,0,0
mohammadmahdi.h.d,582,436,1,1,1,0,1,69,0.749140893,1.00E+12,1.00E+12,0,0.736842105,0,0
aynaz.mirzaeii,12744,192,1,1,1,23,1,49,0.015065913,8.347826087,554.0869565,1,0.833333333,0,0
zolfaghar_maryam,259,590,0,1,1,400,1,0,2.277992278,1.475,0.6475,0,0.6,0,0
nedajafari8631,1115,3592,1,1,1,17,1,52,3.221524664,211.2941176,65.58823529,1,0,0.285714286,0
elham.takzare,110,263,0,1,1,0,1,0,2.390909091,1.00E+12,1.00E+12,0,0.538461538,0,0
ykht1622,164,340,0,1,1,84,1,0,2.073170732,4.047619048,1.952380952,0,0,0.5,0
sog2700,225,168,1,0,1,53,1,58,0.746666667,3.169811321,4.245283019,1,0.5,0.571428571,0
zazazazaom,65,1356,1,0,1,1,1,8,20.86153846,1356,65,1,1,0,1
tw.46h,50,6411,0,0,1,0,1,0,128.22,1.00E+12,1.00E+12,1,0,0.333333333,1
eyyysave,32,3935,0,0,1,0,0,0,122.96875,1.00E+12,1.00E+12,1,1,0,1
balabala235,42,7498,0,0,1,2,1,0,178.5238095,3749,21,0,1,0.272727273,1
gigihadidoftheworl,10,2414,0,0,1,0,0,0,241.4,1.00E+12,1.00E+12,1,0.947368421,0,1
baaaaaaad.boooooooy.eh,43,4894,0,0,1,0,0,0,113.8139535,1.00E+12,1.00E+12,0,0.142857143,0,1
mmmmmmmmmm3587,45,4504,0,0,1,0,0,0,100.0888889,1.00E+12,1.00E+12,1,1,0.285714286,1
binam3421,148,1982,1,0,1,1,1,53,13.39189189,1982,148,1,1,0.444444444,1
_ngr_thrni_,88,4211,0,0,1,0,0,0,47.85227273,1.00E+12,1.00E+12,0,0.142857143,0,1
amir_ali_45903,42,4088,0,0,1,0,0,0,97.33333333,1.00E+12,1.00E+12,0,0.363636364,0.357142857,1
ij9179,40,1724,0,0,1,0,0,0,43.1,1.00E+12,1.00E+12,1,0.5,0.666666667,1
aliph443,16,2097,0,0,1,0,0,0,131.0625,1.00E+12,1.00E+12,0,0.875,0.375,1
hema1212129,24,3836,0,0,1,0,0,0,159.8333333,1.00E+12,1.00E+12,0,1,0.636363636,1
raqebxpuk1111,30,4882,0,0,1,0,0,0,162.7333333,1.00E+12,1.00E+12,1,0.2,0.307692308,1
nayan.rajput.92560281,68,3022,0,0,1,1,1,0,44.44117647,3022,68,0,0,0.380952381,1
gx81uq,13,1232,0,0,1,0,0,0,94.76923077,1.00E+12,1.00E+12,1,0.058823529,0.333333333,1
gx72yq,17,1230,0,0,1,0,0,0,72.35294118,1.00E+12,1.00E+12,1,0,0.333333333,1
lina.seaa12,43,3385,0,0,1,1,0,0,78.72093023,3385,43,0,0.571428571,0.181818182,1
ab_do723,47,5326,0,0,1,0,0,0,113.3191489,1.00E+12,1.00E+12,1,1,0.375,1
princessninaidris,42,4622,0,0,1,0,0,0,110.047619,1.00E+12,1.00E+12,0,0.277777778,0,1
ahmad.alwwwadi,59,7476,0,0,1,0,0,0,126.7118644,1.00E+12,1.00E+12,0,0.571428571,0,1
hchzx,40,5661,0,0,1,0,0,0,141.525,1.00E+12,1.00E+12,1,1,0,1
paylasimlaria,48,6342,0,0,1,0,1,0,132.125,1.00E+12,1.00E+12,0,0.705882353,0,1
soolsool1029,357,5019,0,0,1,0,0,0,14.05882353,1.00E+12,1.00E+12,0,0.1,0.333333333,1
morteza.n758,353,2712,0,0,1,0,0,0,7.682719547,1.00E+12,1.00E+12,0,0.777777778,0.25,1
s_71.lovep,67,1075,0,0,1,0,0,0,16.04477612,1.00E+12,1.00E+12,1,0.25,0.2,1
tanghaye_shahrak,16,3369,0,1,1,0,0,0,210.5625,1.00E+12,1.00E+12,0,0.333333333,0,1
hamadahamada8787,64,4176,0,0,1,0,0,0,65.25,1.00E+12,1.00E+12,1,1,0.25,1
sigaro.pigaro,31,2736,0,0,1,0,0,0,88.25806452,1.00E+12,1.00E+12,0,0.461538462,0,1
ede.1980bbb,65,3450,0,0,1,0,0,0,53.07692308,1.00E+12,1.00E+12,1,0.25,0.363636364,1
ufc5760,14,1197,0,0,1,0,0,0,85.5,1.00E+12,1.00E+12,1,1,0.571428571,1
najat1998jojo,28,3110,0,0,1,0,0,0,111.0714286,1.00E+12,1.00E+12,1,0.25,0.307692308,1
ghaithamer142,26,3368,0,0,1,0,0,0,129.5384615,1.00E+12,1.00E+12,0,0.125,0.230769231,1
aymen16662019,47,4712,0,0,1,0,0,0,100.2553191,1.00E+12,1.00E+12,0,1,0.615384615,1
vncvgf,15,1162,0,0,1,0,0,0,77.46666667,1.00E+12,1.00E+12,1,0,0,1
dt.i90,51,3895,0,0,1,0,0,0,76.37254902,1.00E+12,1.00E+12,1,0.2,0.333333333,1
aya121241,28,4069,0,0,1,0,0,0,145.3214286,1.00E+12,1.00E+12,0,0,0.666666667,1
dhcgwnv,25,831,0,0,1,0,0,0,33.24,1.00E+12,1.00E+12,1,0.166666667,0,1
alamre7011,113,5833,0,0,1,0,0,0,51.61946903,1.00E+12,1.00E+12,1,0,0.4,1
toto.yoyo123,35,3858,0,0,1,0,0,0,110.2285714,1.00E+12,1.00E+12,0,0.5,0.25,1
123s456s789ss,55,4599,0,0,1,0,0,0,83.61818182,1.00E+12,1.00E+12,1,1,0.692307692,1
14qqqqpppp15,41,4144,0,0,0,0,0,0,101.0731707,1.00E+12,1.00E+12,1,0,0.333333333,1
ikchwan2019,14,495,0,0,0,0,0,0,35.35714286,1.00E+12,1.00E+12,1,0,0.363636364,1
hjkl77880,11,1333,0,0,1,0,0,0,121.1818182,1.00E+12,1.00E+12,0,1,0.555555556,1
lakol5,93,7144,0,0,1,0,0,0,76.8172043,1.00E+12,1.00E+12,0,0.555555556,0.166666667,1
saber_kais77,23,1896,0,0,1,0,0,0,82.43478261,1.00E+12,1.00E+12,0,0.5,0.166666667,1
shahabishahab70,202,7150,0,1,1,1,0,0,35.3960396,7150,202,1,0,0.133333333,1
mneer43mneer,18,3482,0,0,1,0,0,0,193.4444444,1.00E+12,1.00E+12,1,0,0.166666667,1
asdrtmojk,28,2029,0,0,1,0,0,0,72.46428571,1.00E+12,1.00E+12,1,0,0,1
v.dadpour,113,127,1,1,1,10,1,31,1.123893805,12.7,11.3,1,0.166666667,0,0
mariyana_1990,1,329,1,1,1,134,1,48,329,2.455223881,0.007462687,0,0,0.307692308,0
ma.li5888,108,231,0,1,1,13,1,0,2.138888889,17.76923077,8.307692308,1,1,0.444444444,0
zarm42,6,100,0,1,1,6,1,0,16.66666667,16.66666667,1,0,0.75,0.333333333,0
saraaaa.sadafiiiiii2020,104,785,1,1,0,63,1,34,7.548076923,12.46031746,1.650793651,1,0,0.173913043,0
maryam_pzhman,722,240,0,1,0,16,1,0,0.332409972,15,45.125,1,0,0,0
rahil___pv_,87,123,0,0,0,0,0,0,1.413793103,1.00E+12,1.00E+12,1,0,0,0
mohssn.alsodane2015,495,1606,0,0,1,150,1,0,3.244444444,10.70666667,3.3,0,0.043478261,0.210526316,0
niillw_,183,941,0,1,1,21,1,0,5.142076503,44.80952381,8.714285714,0,0.111111111,0,0
afsaneh.mzh,793,1920,1,1,1,76,1,34,2.421185372,25.26315789,10.43421053,0,0.304347826,0,0
aylin__th,0,562,0,1,1,0,0,0,1.00E+12,1.00E+12,1.00E+12,1,1,0,0
shiva_shahpasandi,33,466,0,1,1,41,1,0,14.12121212,11.36585366,0.804878049,0,0.842105263,0,0
armidembroidery,15,43,1,0,1,6,1,87,2.866666667,7.166666667,2.5,1,1,0,0
shkhr7366,14,42,0,0,1,11,1,0,3,3.818181818,1.272727273,0,0.181818182,0.444444444,0
sh_yl2716,114,60,0,0,1,20,1,0,0.526315789,3,5.7,0,0,0.444444444,0
miss__hadis.sh,153,461,1,1,0,2,1,83,3.013071895,230.5,76.5,1,0,0,0
sarviiin9547,341,832,0,1,1,92,1,0,2.439882698,9.043478261,3.706521739,1,1,0.333333333,0
mohamaadrazanajafi98,122,609,1,1,1,20,1,40,4.991803279,30.45,6.1,1,0,0.1,0
ygne._.ny,106,115,1,1,1,0,0,33,1.08490566,1.00E+12,1.00E+12,1,1,0,0
rahele.heidari21,4639,2359,1,1,1,33,1,119,0.508514766,71.48484848,140.5757576,0,0.315789474,0.125,0
soheyla3797,102,142,1,1,1,10,1,32,1.392156863,14.2,10.2,0,0.5,0.363636364,0
amir6280mahdi,81,42,0,0,1,1,1,0,0.518518519,42,81,1,0,0.307692308,0
mina.maleki2020,57,193,1,1,1,175,1,32,3.385964912,1.102857143,0.325714286,1,1,0.266666667,0
maryam._moqdm,322,2542,0,1,0,125,1,0,7.894409938,20.336,2.576,1,0,0,0
zahranosrtabadi,1526,1956,1,1,1,6,1,90,1.281782438,326,254.3333333,0,0.45,0,0
maryam.mg1368,1844,3766,1,1,1,179,1,25,2.042299349,21.03910615,10.30167598,0,0.461538462,0.307692308,0
fahymh.kamalian67,123,204,0,0,1,0,1,0,1.658536585,1.00E+12,1.00E+12,0,0,0.117647059,0
aisaan.art1993,1060,1907,1,0,1,35,1,67,1.799056604,54.48571429,30.28571429,0,0.538461538,0.285714286,0
mahtab.n4208,187,261,0,1,1,61,1,0,1.395721925,4.278688525,3.06557377,0,0.4,0.333333333,0
samirafathi1368,26,154,0,1,0,1,1,0,5.923076923,154,26,1,0,0.266666667,0
h_jast_m1448,271,546,1,1,1,190,1,103,2.014760148,2.873684211,1.426315789,0,0.125,0.333333333,0
azamjb333,372,1027,0,1,1,152,1,0,2.760752688,6.756578947,2.447368421,0,0,0.333333333,0
taibakhsh.m_2017,39,708,0,1,1,33,1,0,18.15384615,21.45454545,1.181818182,0,0.222222222,0.25,0
nasrin_rabiiakhzar,24,49,0,1,1,0,0,0,2.041666667,1.00E+12,1.00E+12,0,0.611111111,0,0
sariina.nvn,32,106,0,0,1,0,0,0,3.3125,1.00E+12,1.00E+12,0,0.636363636,0,0
farzaneh_sadat_nazem,61,921,0,1,1,10,1,0,15.09836066,92.1,6.1,0,0,0,0
minaamini9025,353,777,0,1,1,21,1,0,2.201133144,37,16.80952381,1,1,0.307692308,0
elahe.shafiei71,108,114,1,0,1,14,1,8,1.055555556,8.142857143,7.714285714,0,0.142857143,0.133333333,0
elahe.z1252,65,130,0,1,1,24,1,0,2,5.416666667,2.708333333,1,1,0.363636364,0
mah.shakeri62,274,430,0,1,1,79,1,0,1.569343066,5.443037975,3.46835443,0,0.5,0.153846154,0
_nasrin_safrinchd,44,55,0,1,0,19,1,0,1.25,2.894736842,2.315789474,1,0,0,0
sa.mira1252,306,260,0,0,1,107,1,0,0.849673203,2.429906542,2.859813084,1,1,0.363636364,0
niloofar.tabib,45,176,0,1,1,5,1,0,3.911111111,35.2,9,0,0.363636364,0,0
tahereh_abdolazimi,387,524,1,1,1,5,1,127,1.354005168,104.8,77.4,0,0.166666667,0,0
sh._.gholamian,99,85,1,0,1,46,0,87,0.858585859,1.847826087,2.152173913,0,0.4,0,0
saghar_3883,52,31,1,0,1,3,1,3,0.596153846,10.33333333,17.33333333,0,0.857142857,0.363636364,0
fateme76mhz,355,96,1,1,1,2,1,79,0.270422535,48,177.5,0,0.352941176,0.181818182,0
armita__pour50,495,4316,1,1,1,184,1,86,8.719191919,23.45652174,2.690217391,0,0.428571429,0.142857143,0
ma.hdieh629,72,147,0,1,1,13,1,0,2.041666667,11.30769231,5.538461538,1,1,0.272727273,0
zahroudbel9ebla6,33,2557,0,0,1,0,0,0,77.48484848,1.00E+12,1.00E+12,0,1,0.125,1
gjplhdkswxvhitdww,66,2298,0,0,1,0,0,0,34.81818182,1.00E+12,1.00E+12,1,1,0,1
xxv648,14,1276,0,0,1,0,0,0,91.14285714,1.00E+12,1.00E+12,1,1,0.5,1
zez13377,40,3066,0,0,1,0,0,0,76.65,1.00E+12,1.00E+12,1,1,0.625,1
zozo1233541,12,1499,0,0,1,0,0,0,124.9166667,1.00E+12,1.00E+12,1,0.25,0.636363636,1
godagoda681,33,4709,0,0,1,0,0,0,142.6969697,1.00E+12,1.00E+12,1,1,0.272727273,1
benrahmoun33,48,4334,0,0,1,0,0,0,90.29166667,1.00E+12,1.00E+12,0,1,0.166666667,1
dfuioj2019,22,2830,0,0,0,0,0,0,128.6363636,1.00E+12,1.00E+12,1,0,0.4,1
empirez22,17,1039,0,0,1,0,0,0,61.11764706,1.00E+12,1.00E+12,0,1,0.222222222,1
abaabsahcm,13,558,0,0,1,0,0,0,42.92307692,1.00E+12,1.00E+12,1,0.2,0,1
razika20006,24,1850,0,0,1,0,0,0,77.08333333,1.00E+12,1.00E+12,1,1,0.454545455,1
lana12222p,31,2746,0,0,1,0,0,0,88.58064516,1.00E+12,1.00E+12,0,0.8,0.5,1
laylaabid2019,15,1446,0,0,1,0,1,0,96.4,1.00E+12,1.00E+12,1,1,0.307692308,1
rezaxd8,104,3778,0,1,1,4,0,0,36.32692308,944.5,26,1,1,0.142857143,1
djdddhjd,31,3184,0,0,1,1,1,0,102.7096774,3184,31,1,0.25,0,1
assq1m,60,3267,0,0,1,0,0,0,54.45,1.00E+12,1.00E+12,1,0,0.166666667,1
amiion1,30,1094,0,0,1,0,0,0,36.46666667,1.00E+12,1.00E+12,0,1,0.142857143,1
fddg156,46,3799,0,0,0,0,0,0,82.58695652,1.00E+12,1.00E+12,1,0,0.428571429,1
rami199917,20,1356,0,0,1,0,0,0,67.8,1.00E+12,1.00E+12,0,1,0.6,1
iiinnnsss01,32,3677,0,0,1,0,0,0,114.90625,1.00E+12,1.00E+12,1,0.2,0.181818182,1
mongaaz,33,2920,0,0,1,0,0,0,88.48484848,1.00E+12,1.00E+12,1,0.75,0,1
omahossam2003,25,1383,0,0,1,0,0,0,55.32,1.00E+12,1.00E+12,0,0.555555556,0.307692308,1
katko.t,20,1332,0,0,1,0,0,0,66.6,1.00E+12,1.00E+12,0,0.714285714,0,1
sagedmostafa2019,51,4404,0,0,1,0,0,0,86.35294118,1.00E+12,1.00E+12,0,1,0.25,1
amineoo0,48,3332,0,0,1,0,0,0,69.41666667,1.00E+12,1.00E+12,1,0,0.125,1
vb.u_,52,4575,0,0,1,0,1,0,87.98076923,1.00E+12,1.00E+12,0,0.25,0,1
chaima.mspb,43,2038,0,0,1,0,0,0,47.39534884,1.00E+12,1.00E+12,1,0.5,0,1
hh5849292,188,6915,0,0,1,0,0,0,36.78191489,1.00E+12,1.00E+12,1,0.166666667,0.777777778,1
aahhmmaadd9900,48,4455,0,0,1,0,0,0,92.8125,1.00E+12,1.00E+12,0,1,0.285714286,1
walidandkawther77,34,4722,0,0,1,0,0,0,138.8823529,1.00E+12,1.00E+12,0,0.142857143,0.117647059,1
3khykhthkh,38,3435,0,0,1,1,1,0,90.39473684,3435,38,0,0.909090909,0.1,1
viv95113,33,3784,0,0,1,0,1,0,114.6666667,1.00E+12,1.00E+12,0,1,0.625,1
manyyamamy,12,201,0,0,1,0,0,0,16.75,1.00E+12,1.00E+12,1,1,0,1
kamal.001.03,44,3202,0,0,1,0,0,0,72.77272727,1.00E+12,1.00E+12,0,0.416666667,0.416666667,1
memeyoyo127,32,2783,0,0,1,0,0,0,86.96875,1.00E+12,1.00E+12,1,0.25,0.272727273,1
asdfghjkllkjhgfdsa55555,85,6619,1,0,0,24,1,15,77.87058824,275.7916667,3.541666667,1,0,0.217391304,1
sattar.0015a,41,4243,0,0,1,0,0,0,103.4878049,1.00E+12,1.00E+12,0,0.5,0.333333333,1
sjoo.6666,53,5025,0,0,1,0,0,0,94.81132075,1.00E+12,1.00E+12,0,0.444444444,0.444444444,1
7x_n.x,36,3472,0,0,1,0,0,0,96.44444444,1.00E+12,1.00E+12,0,0.1,0.166666667,1
gbril6,37,3099,0,0,1,0,0,0,83.75675676,1.00E+12,1.00E+12,1,1,0.166666667,1
khatab15_,189,3057,0,0,1,0,0,0,16.17460317,1.00E+12,1.00E+12,1,1,0.222222222,1
saeedmohmed737,38,4506,0,0,1,0,0,0,118.5789474,1.00E+12,1.00E+12,1,0.166666667,0.214285714,1
mohdidi3,40,3696,0,0,1,0,0,0,92.4,1.00E+12,1.00E+12,0,1,0.125,1
ahmed.56g,278,3476,0,0,1,0,0,0,12.50359712,1.00E+12,1.00E+12,0,0.555555556,0.222222222,1
ayazshamsee,111,6506,0,0,1,0,0,0,58.61261261,1.00E+12,1.00E+12,1,0.2,0,1
weer_03,27,1352,0,0,1,0,0,0,50.07407407,1.00E+12,1.00E+12,0,0.571428571,0.285714286,1
metro.886,36,362,0,0,1,0,0,0,10.05555556,1.00E+12,1.00E+12,0,0.555555556,0.333333333,1
k3dingo,120,6101,0,0,1,23,0,0,50.84166667,265.2608696,5.217391304,1,0,0.142857143,1
206sdsd,9,469,0,0,0,0,0,0,52.11111111,1.00E+12,1.00E+12,1,0,0.428571429,1
a197a168,50,1316,0,0,1,5,0,0,26.32,263.2,10,0,0.166666667,0.75,1
akram591521,113,523,0,1,1,296,1,0,4.628318584,1.766891892,0.381756757,0,0.555555556,0.545454545,0
saheel3869,120,88,0,0,1,3,1,0,0.733333333,29.33333333,40,1,1,0.4,0
elaheomid6666,85,146,0,1,1,23,1,0,1.717647059,6.347826087,3.695652174,0,1,0.307692308,0
shakiba.7896,259,282,0,1,1,0,1,0,1.088803089,1.00E+12,1.00E+12,0,0.5,0.333333333,0
tahmine_193,82,92,0,0,1,20,1,0,1.12195122,4.6,4.1,0,0,0.272727273,0
zahedi_aref110,17,29,0,1,1,18,1,0,1.705882353,1.611111111,0.944444444,0,0.117647059,0.214285714,0
sahele__sorkhi23,33,114,1,1,1,22,1,13,3.454545455,5.181818182,1.5,0,0,0.125,0
abolfazlamini2368,402,283,1,0,1,564,1,6,0.7039801,0.50177305,0.712765957,1,1,0.235294118,0
ysna231,26,53,1,1,1,7,1,3,2.038461538,7.571428571,3.714285714,0,0,0.428571429,0
n6282_,24,161,0,0,1,1,1,0,6.708333333,161,24,0,0.066666667,0.666666667,0
hamidrezaie769,32,139,0,1,1,0,1,0,4.34375,1.00E+12,1.00E+12,0,0.375,0.214285714,0
sara96099,548,2275,0,0,1,7,1,0,4.151459854,325,78.28571429,0,0.125,0.555555556,0
msaddatyy,317,422,1,0,0,73,1,68,1.331230284,5.780821918,4.342465753,1,0,0,0
borhan_rostamii,667,1883,0,1,1,53,1,0,2.823088456,35.52830189,12.58490566,0,1,0,0
faran.gallery,1796,3551,1,0,1,104,1,100,1.977171492,34.14423077,17.26923077,0,0.538461538,0,0
ss.monaaa,216,4305,1,1,1,109,1,33,19.93055556,39.49541284,1.981651376,0,0.1,0,0
8335617golestani,14,162,0,1,1,1,1,0,11.57142857,162,14,0,0.45,0.4375,0
bardia95602,39,82,0,0,1,1,0,0,2.102564103,82,39,0,1,0.454545455,0
rainbow_basket_,632,1175,1,0,0,50,1,84,1.859177215,23.5,12.64,1,0,0,0
nazari.reyhaneh96,30,121,0,1,1,10,1,0,4.033333333,12.1,3,0,0.533333333,0.117647059,0
zahraghanimii,119,4575,0,1,1,636,1,0,38.44537815,7.193396226,0.187106918,0,1,0,0
my________god,1,211,0,1,1,0,1,0,211,1.00E+12,1.00E+12,0,1,0,0
mnsoure_dbiri,152,219,1,1,1,30,1,17,1.440789474,7.3,5.066666667,0,0.538461538,0,0
aghaghia1417,767,606,1,0,1,32,1,23,0.790091265,18.9375,23.96875,0,0,0.333333333,0
soheila.abedini.1370,127,111,1,1,1,14,1,13,0.874015748,7.928571429,9.071428571,0,0.578947368,0.2,0
fa_teme6862,108,427,0,0,1,0,1,0,3.953703704,1.00E+12,1.00E+12,1,1,0.363636364,0
nazi.m50,33,338,0,1,1,2,1,0,10.24242424,169,16.5,0,0.5,0.25,0
jmshydy7791,243,387,1,0,1,4,1,48,1.592592593,96.75,60.75,0,0.083333333,0.363636364,0
maryam.h.5987,121,105,0,1,1,39,1,0,0.867768595,2.692307692,3.102564103,0,0.461538462,0.307692308,0
m.s.karimi97,74,78,0,1,1,6,1,0,1.054054054,13,12.33333333,0,0.6,0.166666667,0
439elnaz,164,226,1,0,1,32,1,45,1.37804878,7.0625,5.125,0,0.833333333,0.375,0
satyarfaraji,328,2517,0,1,1,0,1,0,7.673780488,1.00E+12,1.00E+12,1,1,0,0
zahra_erfani_abbassiii,204,300,1,1,0,8,1,62,1.470588235,37.5,25.5,1,0,0,0
mehrabadimahdieh,15,49,1,1,1,1,1,75,3.266666667,49,15,0,0.818181818,0,0
zahra_sz7264,27,82,0,1,1,0,1,0,3.037037037,1.00E+12,1.00E+12,1,0.545454545,0.333333333,0
mahnaz_mohammadkhani,135,228,0,1,1,22,1,0,1.688888889,10.36363636,6.136363636,0,0,0,0
sadeghi.elham66,63,393,1,1,1,273,1,66,6.238095238,1.43956044,0.230769231,0,0.538461538,0.133333333,0
zahra.c569,104,367,0,0,1,0,0,0,3.528846154,1.00E+12,1.00E+12,0,0.416666667,0.3,0
lilahosseini,181,642,0,1,1,46,1,0,3.546961326,13.95652174,3.934782609,0,1,0,0
mahdiyehmirzaali64,55,192,0,1,1,3,1,0,3.490909091,64,18.33333333,0,0.615384615,0.111111111,0
mahnaz.amani1972,137,176,0,0,1,0,1,0,1.284671533,1.00E+12,1.00E+12,1,1,0.25,0
m.asadi5814,100,59,0,1,1,14,1,0,0.59,4.214285714,7.142857143,0,0.714285714,0.363636364,0
mahtaaab.2016,154,158,0,1,1,6,1,0,1.025974026,26.33333333,25.66666667,0,0.615384615,0.307692308,0
samira___alz,80,145,0,1,1,2,1,0,1.8125,72.5,40,0,0.4,0,0
heidari3078,80,152,0,1,1,2,1,0,1.9,76,40,0,0.636363636,0.363636364,0
__mahtab__hatami,42,190,0,1,1,49,0,0,4.523809524,3.87755102,0.857142857,0,0.75,0,0
matina0210,67,108,1,0,1,3,1,25,1.611940299,36,22.33333333,0,0.5,0.4,0
farzane_fakhrian,564,639,1,1,1,233,1,72,1.132978723,2.74248927,2.420600858,1,0,0,0
shadikhazaei,277,344,0,1,1,29,1,0,1.241877256,11.86206897,9.551724138,0,1,0,0
amiraram_mahj,521,998,1,1,1,25,1,14,1.915547025,39.92,20.84,0,0.666666667,0,0
javad65.ghanbari1,134,5499,0,0,1,23,1,0,41.03731343,239.0869565,5.826086957,1,1,0.176470588,1
zaqmlpvgty10,76,3530,0,0,1,22,1,0,46.44736842,160.4545455,3.454545455,0,0,0.166666667,1
mhdi_99_,22,1584,0,0,0,0,0,0,72,1.00E+12,1.00E+12,1,0,0.25,1
actoric.boy,1889,4127,1,0,1,3,0,3,2.184753838,1375.666667,629.6666667,1,0.25,0,1
hataee394,93,5928,0,0,1,10,0,0,63.74193548,592.8,9.3,1,0.4,0.333333333,1
amir.hosin2004,93,4163,0,0,1,22,1,0,44.76344086,189.2272727,4.227272727,1,0.636363636,0.285714286,1
shohreh_salamati,279,5977,1,1,1,22,1,35,21.42293907,271.6818182,12.68181818,0,1,0,1
mahsa.mzy7,106,7487,0,0,1,23,1,0,70.63207547,325.5217391,4.608695652,1,1,0.1,1
dr.kakhal_official,128,5675,0,0,1,13,0,0,44.3359375,436.5384615,9.846153846,0,0.090909091,0,1
zahradelbariii,46,1183,1,1,1,22,1,4,25.7173913,53.77272727,2.090909091,1,1,0,1
abbasmaleki17,85,4572,0,0,1,5,1,0,53.78823529,914.4,17,1,1,0.153846154,1
digimannn,82,5989,1,0,1,22,1,3,73.03658537,272.2272727,3.727272727,1,0,0,1
shrmrndi,61,3387,0,0,1,24,1,0,55.52459016,141.125,2.541666667,0,0.5,0,1
hebeb7777,97,5566,0,0,1,21,1,0,57.3814433,265.047619,4.619047619,0,1,0.444444444,1
newtel4270,67,2862,0,0,1,10,1,0,42.71641791,286.2,6.7,0,1,0.4,1
ahamirhossin2020,47,2287,0,1,1,27,1,0,48.65957447,84.7037037,1.740740741,0,0,0.25,1
lailamaleki1398,58,5450,0,0,1,9,1,0,93.96551724,605.5555556,6.444444444,0,1,0.266666667,1
van_der__7790,72,5916,0,1,1,23,1,0,82.16666667,257.2173913,3.130434783,0,0,0.307692308,1
h2.amin,80,5255,0,0,1,22,1,0,65.6875,238.8636364,3.636363636,0,0.666666667,0.142857143,1
hajihajipor69,80,6026,0,0,1,5,1,0,75.325,1205.2,16,0,1,0.153846154,1
iranii90,359,3774,0,0,1,4,1,0,10.51253482,943.5,89.75,0,0,0.25,1
amin.namosi0980,59,3871,0,0,1,25,1,0,65.61016949,154.84,2.36,1,1,0.266666667,1
abdalrzea3,1112,2422,1,0,1,11,1,4,2.178057554,220.1818182,101.0909091,1,1,0.1,1
zurbin91,127,5989,0,0,1,22,1,0,47.15748031,272.2272727,5.772727273,0,1,0.25,1
hasan_parvizi.offical,203,4668,1,1,1,9,1,89,22.99507389,518.6666667,22.55555556,0,0,0,1
amyrk4135,65,3658,0,0,1,22,1,0,56.27692308,166.2727273,2.954545455,0,1,0.444444444,1
malmal4230,72,4093,0,0,1,6,1,0,56.84722222,682.1666667,12,0,1,0.4,1
hamidrasaei79,142,5947,0,0,1,14,1,0,41.88028169,424.7857143,10.14285714,0,0,0.153846154,1
edrahim_khalagi_,71,5720,0,0,1,12,1,0,80.56338028,476.6666667,5.916666667,0,0.4375,0,1
mortezatest.e4,16,855,0,0,1,24,1,0,53.4375,35.625,0.666666667,1,1,0.071428571,1
iam_kian_,912,6229,1,0,0,5,1,124,6.83004386,1245.8,182.4,1,0,0,1
baranbaran_7979,114,5989,0,0,1,4,1,0,52.53508772,1497.25,28.5,0,0.666666667,0.266666667,1
makan.arab,63,5993,0,0,1,4,1,0,95.12698413,1498.25,15.75,0,0.5,0,1
ehsan.ansari.6113,85,6001,0,0,1,22,1,0,70.6,272.7727273,3.863636364,0,0.352941176,0.235294118,1
mamad0000oooo,77,5986,1,1,1,23,1,3,77.74025974,260.2608696,3.347826087,1,0.25,0.307692308,1
tenuyuhu,101,5201,0,0,1,22,1,0,51.4950495,236.4090909,4.590909091,1,0.6,0,1
rahgozar00022,76,5936,0,0,1,4,0,0,78.10526316,1484,19,0,1,0.384615385,1
sobhan.tourism,96,5566,0,0,1,22,1,0,57.97916667,253,4.363636364,1,0.583333333,0,1
xpryaw,61,5883,0,0,1,22,1,0,96.44262295,267.4090909,2.772727273,0,0,0,1
alipadarke3,107,7430,0,0,1,27,1,0,69.43925234,275.1851852,3.962962963,0,1,0.090909091,1
nortajemle,72,5745,0,0,1,4,0,0,79.79166667,1436.25,18,0,0.076923077,0,1
armin.t.b.t.44,64,3990,0,0,1,5,0,0,62.34375,798,12.8,0,0.357142857,0.142857143,1
mohamadhasani009,75,1646,0,0,1,4,1,0,21.94666667,411.5,18.75,0,0.333333333,0.1875,1
sahell_al_3640,8202,5687,0,0,1,10,0,0,0.693367471,568.7,820.2,0,0.2,0.285714286,1
amirhosinafsrryz5,87,5940,0,0,0,0,0,0,68.27586207,1.00E+12,1.00E+12,1,0,0.058823529,1
alirezaebi45,57,2657,0,0,1,23,1,0,46.61403509,115.5217391,2.47826087,0,0.166666667,0.166666667,1
masodrik,86,5997,0,0,1,4,0,0,69.73255814,1499.25,21.5,1,0,0,1
hamedhmbnm,117,4205,0,0,1,4,1,0,35.94017094,1051.25,29.25,1,1,0,1
fatme11135,82,4081,0,0,1,4,0,0,49.76829268,1020.25,20.5,0,1,0.5,1
farzad.aabbcc,105,5686,0,0,1,4,1,0,54.15238095,1421.5,26.25,0,0.666666667,0,1
rominaaaaajoon5,105,5893,0,0,1,23,0,0,56.12380952,256.2173913,4.565217391,0,0.5,0.066666667,1
sogand.3294,101,6054,0,0,1,10,1,0,59.94059406,605.4,10.1,1,1,0.363636364,1
ahmadreza_bagher,12255,7499,1,0,1,4,0,37,0.611913505,1874.75,3063.75,1,0.733333333,0,1
maryamooo.83,321,4263,0,1,1,6,1,0,13.28037383,710.5,53.5,0,0.111111111,0.166666667,1
active.312,74,5925,0,0,1,22,1,0,80.06756757,269.3181818,3.363636364,0,0.6,0.3,1
ghgfhfghfg675t645fd,524,5471,0,0,1,25,0,0,10.44083969,218.84,20.96,1,0.25,0.315789474,1
ebii5590,96,5814,0,0,1,27,1,0,60.5625,215.3333333,3.555555556,0,0.181818182,0.5,1
mahdi_ahmdi_1377,70,4365,0,1,1,21,0,0,62.35714286,207.8571429,3.333333333,1,1,0.25,1
matadormhdy,19,2321,0,0,1,4,1,0,122.1578947,580.25,4.75,1,0.4,0,1
mar13822,109,5971,0,0,1,22,1,0,54.77981651,271.4090909,4.954545455,0,0.4,0.625,1
hiva.zxcv,56,3110,0,0,1,5,1,0,55.53571429,622,11.2,0,0.444444444,0,1
kalaqi2564,114,6055,0,0,1,22,1,0,53.11403509,275.2272727,5.181818182,0,1,0.4,1
mohammad._.2319._,58,3038,0,0,1,24,1,0,52.37931034,126.5833333,2.416666667,1,0.666666667,0.235294118,1
fati.2638,752,5293,0,0,1,10,1,0,7.03856383,529.3,75.2,1,1,0.444444444,1
yarahmadi_h93,82,6051,1,0,1,10,1,68,73.79268293,605.1,8.2,0,0,0.153846154,1
alirezazangi22535,96,6040,0,0,1,4,1,0,62.91666667,1510,24,0,1,0.294117647,1
anialirezakh,74,6044,0,0,1,22,1,0,81.67567568,274.7272727,3.363636364,0,0.75,0,1
feri.mn1,161,5814,0,0,1,10,1,0,36.11180124,581.4,16.1,0,0.5,0.125,1
nafas.jabari.ww,94,5953,0,0,1,8,1,0,63.32978723,744.125,11.75,0,0.5,0,1
rahmanrahmani99,90,5869,0,0,1,23,1,0,65.21111111,255.173913,3.913043478,0,1,0.133333333,1
mo.bina3801,136,5996,0,0,1,22,1,0,44.08823529,272.5454545,6.181818182,1,1,0.363636364,1
matin_asgary4,60,1493,0,1,1,5,1,0,24.88333333,298.6,12,0,0.5,0.076923077,1
paris.art7,608,445,1,0,1,81,1,76,0.731907895,5.49382716,7.50617284,0,0,0.1,0
mahsa.rezaeian1374_,265,632,1,1,1,0,1,9,2.38490566,1.00E+12,1.00E+12,0,0.666666667,0.210526316,0
saeidesoleimani1994,122,146,0,1,1,0,1,0,1.196721311,1.00E+12,1.00E+12,0,0.75,0.210526316,0
yas_bnkdr,209,250,1,0,0,67,1,1,1.196172249,3.731343284,3.119402985,1,0,0,0
f_95_azizi,86,558,1,1,0,7,1,32,6.488372093,79.71428571,12.28571429,1,0,0.2,0
hooriya_rz73,242,174,1,1,1,9,1,86,0.719008264,19.33333333,26.88888889,0,0.571428571,0.166666667,0
haniye_zare_el,82,153,1,1,1,15,1,9,1.865853659,10.2,5.466666667,0,0,0,0
negiin_nejati,405,445,1,1,1,50,1,37,1.098765432,8.9,8.1,0,0.727272727,0,0
hessam_varzandeh,2377,346,1,1,1,24,0,137,0.145561632,14.41666667,99.04166667,1,0.857142857,0,0
shabnam_thr.pv,105,456,1,1,0,0,1,139,4.342857143,1.00E+12,1.00E+12,1,0,0,0
imaryamsh_,1240,670,1,0,1,57,1,150,0.540322581,11.75438596,21.75438596,0,0.5,0,0
arghaaavaaandaeinabi,62,267,1,1,1,15,1,1,4.306451613,17.8,4.133333333,0,0,0,0
fatemeh.gh1339,64,151,1,1,1,1,1,11,2.359375,151,64,1,0.833333333,0.285714286,0
zahraa_9583,98,114,1,1,1,2,1,31,1.163265306,57,49,0,0.3125,0.363636364,0
monamotevallian4645,64,216,0,1,1,7,1,0,3.375,30.85714286,9.142857143,1,1,0.210526316,0
sssindokht.sh,953,710,1,1,1,32,1,150,0.74501574,22.1875,29.78125,0,0,0,0
sm_jalali_f,333,512,1,1,1,216,1,140,1.537537538,2.37037037,1.541666667,0,0.461538462,0,0
sana.aboufazeli,218,212,1,1,1,1,1,59,0.972477064,212,218,0,0.8,0,0
zara.a_z,179,186,1,1,1,48,1,34,1.039106145,3.875,3.729166667,0,0,0,0
pouwja,1543,1468,1,1,1,40,1,67,0.95139339,36.7,38.575,0,0.3,0,0
saraazimi._,221,266,1,1,1,9,1,91,1.20361991,29.55555556,24.55555556,1,1,0,0
arefee___,134,174,1,1,1,0,1,18,1.298507463,1.00E+12,1.00E+12,1,1,0,0
faez.k1995,697,1297,1,1,1,45,1,18,1.860832138,28.82222222,15.48888889,1,0.666666667,0.4,0
shahab_tavassoli,440,855,1,1,1,10,1,42,1.943181818,85.5,44,1,1,0,0
hamedzng,282,336,1,1,1,1,1,74,1.191489362,336,282,0,0.461538462,0,0
nganji1993,491,537,0,1,1,31,1,0,1.093686354,17.32258065,15.83870968,0,0.555555556,0.4,0
kamyar.darvishi,230,297,1,1,1,132,1,137,1.291304348,2.25,1.742424242,0,0.125,0,0
khodrazz,189,270,0,1,1,12,1,0,1.428571429,22.5,15.75,1,0.428571429,0,0
mar_yam_n_m,345,638,0,1,1,42,1,0,1.849275362,15.19047619,8.214285714,1,1,0,0
alirezahajinoroozi,565,631,1,1,1,38,1,125,1.116814159,16.60526316,14.86842105,0,0,0,0
paz.modos,77,247,1,1,1,13,1,17,3.207792208,19,5.923076923,1,0.5,0,0
farzane_mahmoudi_,150,285,0,1,1,3,1,0,1.9,95,50,0,0,0,0
sogoliii_h,810,703,1,1,1,117,1,75,0.867901235,6.008547009,6.923076923,0,0.416666667,0,0
maryam.hashenni,132,193,1,1,1,2,0,20,1.462121212,96.5,66,0,0.333333333,0,0
almond6774,324,390,0,1,1,19,1,0,1.203703704,20.52631579,17.05263158,0,0.111111111,0.4,0
a_bahaloo,26,32,0,1,1,0,1,0,1.230769231,1.00E+12,1.00E+12,0,0.538461538,0,0
niloufar_banimostafavi,132,1331,0,1,1,180,1,0,10.08333333,7.394444444,0.733333333,0,1,0,0
_moujan_,224,257,0,1,1,12,1,0,1.147321429,21.41666667,18.66666667,0,0,0,0
tavanaeifatemeh,299,965,1,1,1,11,1,13,3.227424749,87.72727273,27.18181818,0,0.533333333,0,0
fa____135,517,390,1,0,1,22,1,51,0.754352031,17.72727273,23.5,0,0,0.333333333,0
sahar95.photography,247,218,1,0,1,91,1,112,0.882591093,2.395604396,2.714285714,0,0.647058824,0.105263158,0
sarahrajaee,242,301,0,1,1,0,1,0,1.243801653,1.00E+12,1.00E+12,0,0.6,0,0
maryamadibzadeh,300,455,1,1,0,96,1,15,1.516666667,4.739583333,3.125,1,0,0,0
__.imihgom.__,154,265,1,1,1,157,1,47,1.720779221,1.687898089,0.98089172,0,0.214285714,0,0
class.like,659,2123,1,0,1,57,1,148,3.2215478,37.24561404,11.56140351,0,0,0,0
mirnabi_f,173,179,1,1,0,3,1,66,1.034682081,59.66666667,57.66666667,1,0,0,0
sepehrhasanabadi,235,247,1,1,1,8,1,120,1.05106383,30.875,29.375,0,1,0,0
aleereza,1009,1000,1,0,1,448,1,117,0.991080278,2.232142857,2.252232143,0,0.571428571,0,0
mh_hajivandy,350,781,0,1,1,12,1,0,2.231428571,65.08333333,29.16666667,0,0,0,0
mehraneh.bm,209,323,1,1,1,10,1,75,1.545454545,32.3,20.9,0,0.6,0,0
shabnamtaherii,607,403,1,0,1,6,1,138,0.663920923,67.16666667,101.1666667,0,0.636363636,0,0
jmd_smne,87,90,0,1,0,3,0,0,1.034482759,30,29,1,0,0,0
_.lmira_sh,159,177,1,1,1,22,1,22,1.113207547,8.045454545,7.227272727,0,0.25,0,0
pantea.hjl,307,728,1,1,1,15,0,53,2.371335505,48.53333333,20.46666667,1,1,0,0
nikkifard_artwork,631,953,1,0,1,53,1,16,1.510301109,17.98113208,11.90566038,1,0.5,0,0
ros642003,5,6,0,1,1,0,0,0,1.2,1.00E+12,1.00E+12,1,0,0.666666667,0
m_pourbagheri,218,270,1,1,1,82,1,26,1.23853211,3.292682927,2.658536585,0,0.523809524,0,0
s.pournaderi,180,220,1,0,1,162,1,71,1.222222222,1.358024691,1.111111111,0,0.588235294,0,0
rezymo,382,1272,1,1,1,17,1,130,3.329842932,74.82352941,22.47058824,0,0.3,0,0
batool.saeidi,166,215,0,1,1,0,1,0,1.295180723,1.00E+12,1.00E+12,1,1,0,0
homayoun.kh.d,317,321,0,1,1,6,1,0,1.012618297,53.5,52.83333333,0,0.470588235,0,0
roxana_alaee,146,1532,0,1,1,0,1,0,10.49315068,1.00E+12,1.00E+12,1,1,0,0
fat_faz_far_,162,180,0,1,1,3,1,0,1.111111111,60,54,0,0.2,0,0
homa.nsr94,289,682,0,1,1,71,1,0,2.359861592,9.605633803,4.070422535,0,0.5,0.2,0
bfakhrian,78,83,0,1,1,16,1,0,1.064102564,5.1875,4.875,0,0.571428571,0,0
tavakolif37,89,119,1,1,1,1,1,14,1.337078652,119,89,0,0.166666667,0.181818182,0
mina_kz1995,126,359,1,1,1,40,1,56,2.849206349,8.975,3.15,1,1,0.363636364,0
kiana.gh__,256,282,0,1,0,31,1,0,1.1015625,9.096774194,8.258064516,1,0,0,0
narges_zjj,663,437,1,1,1,84,1,147,0.659125189,5.202380952,7.892857143,0,0.260869565,0,0
fatii.f4,128,72,1,1,1,0,1,24,0.5625,1.00E+12,1.00E+12,0,0.214285714,0.125,0
shararehhatami,484,661,1,1,1,425,1,39,1.365702479,1.555294118,1.138823529,1,1,0,0
morteza_ghasemi_varnam,512,557,1,0,1,6,1,68,1.087890625,92.83333333,85.33333333,0,1,0,0
__fatemehgodarzi__,243,418,1,1,1,14,1,110,1.720164609,29.85714286,17.35714286,1,1,0,0
aliamani74,430,463,1,0,1,0,1,146,1.076744186,1.00E+12,1.00E+12,0,1,0.2,0
anahita_hsn95,260,372,1,1,1,33,1,110,1.430769231,11.27272727,7.878787879,0,0.533333333,0.153846154,0
sahar_mlky,207,528,1,1,1,0,1,91,2.550724638,1.00E+12,1.00E+12,1,1,0,0
loosiiiiin,327,1491,1,1,1,33,1,5,4.559633028,45.18181818,9.909090909,0,0.076923077,0,0
emad.askari,454,540,0,1,1,230,1,0,1.189427313,2.347826087,1.973913043,0,0.666666667,0,0
armanp30,232,249,0,1,1,0,1,0,1.073275862,1.00E+12,1.00E+12,0,0.545454545,0.25,0
mesut_attar,667,740,1,1,1,17,1,65,1.109445277,43.52941176,39.23529412,1,0.166666667,0,0
romina_maleknia1373,420,438,1,1,0,19,1,39,1.042857143,23.05263158,22.10526316,1,0,0.210526316,0
zarei__fateme,154,2366,1,1,1,36,1,46,15.36363636,65.72222222,4.277777778,0,0.545454545,0,0
elaheh.zamani,37,63,0,1,1,1,1,0,1.702702703,63,37,0,1,0,0
fakhere.mahdavian,488,470,0,1,1,43,1,0,0.963114754,10.93023256,11.34883721,1,1,0,0
delaram_mansouri.pv,580,808,1,1,1,47,1,68,1.393103448,17.19148936,12.34042553,0,0.142857143,0,0
_felucca_,202,587,1,1,1,10,1,46,2.905940594,58.7,20.2,0,0.083333333,0,0
atie_srv,246,357,1,1,1,101,1,25,1.451219512,3.534653465,2.435643564,0,0.75,0,0
suloushkas,225,297,1,1,0,66,1,52,1.32,4.5,3.409090909,1,0,0,0
what.the.shot,280,570,1,0,1,42,1,44,2.035714286,13.57142857,6.666666667,0,0.916666667,0,0
reepooortt,737,584,0,1,0,0,0,0,0.792401628,1.00E+12,1.00E+12,1,0,0,0
_mehr3aaa_,189,185,1,1,1,29,1,6,0.978835979,6.379310345,6.517241379,0,0.571428571,0.1,0
n_afsharpour,114,210,0,1,1,4,0,0,1.842105263,52.5,28.5,1,0.2,0,0
saba_abedin,308,461,1,1,1,8,1,16,1.496753247,57.625,38.5,1,1,0,0
mehrnazasadi1995,481,476,1,1,1,12,1,50,0.98960499,39.66666667,40.08333333,0,0.466666667,0.25,0
qhazzale,317,331,1,1,1,9,1,7,1.044164038,36.77777778,35.22222222,0,0.5,0,0
vahid.asgari1993,231,346,0,1,1,12,1,0,1.497835498,28.83333333,19.25,1,1,0.25,0
__b_ta_aa__,158,443,1,1,0,15,1,8,2.803797468,29.53333333,10.53333333,1,0,0,0
hadiiis_frhd,480,504,1,1,1,110,1,59,1.05,4.581818182,4.363636364,0,0.1,0,0
nasim.dnr,224,268,1,1,1,163,1,113,1.196428571,1.644171779,1.374233129,0,0.333333333,0,0
hadis_torkamani,525,369,1,1,1,21,1,106,0.702857143,17.57142857,25,0,1,0,0
nasimnabati,61,86,0,1,1,0,1,0,1.409836066,1.00E+12,1.00E+12,0,1,0,0
marym_mehdizade,1062,1119,1,1,1,99,1,72,1.053672316,11.3030303,10.72727273,0,0.666666667,0,0
mniksefat,83,262,0,1,1,0,1,0,3.156626506,1.00E+12,1.00E+12,0,0.5,0,0
pantea.dll,454,652,1,1,1,311,1,20,1.436123348,2.096463023,1.459807074,1,1,0,0
maryam_hashemi15,229,437,1,1,1,37,1,82,1.908296943,11.81081081,6.189189189,1,1,0.125,0
m__b_r,53,83,0,1,1,1,0,0,1.566037736,83,53,0,0.038461538,0,0
rasul_panahi,241,247,1,1,1,38,1,29,1.024896266,6.5,6.342105263,1,0.5,0,0
masouddbaratii,159,262,1,1,1,9,1,19,1.647798742,29.11111111,17.66666667,0,0.583333333,0,0
usf23,165,255,0,1,0,2,1,0,1.545454545,127.5,82.5,1,0,0.4,0
elimokhtarpour,316,432,1,1,1,26,1,40,1.367088608,16.61538462,12.15384615,0,0.6875,0,0
layakarimi95,375,978,1,1,1,335,1,46,2.608,2.919402985,1.119402985,1,1,0.166666667,0
fateme.gh1339,180,276,0,1,1,42,1,0,1.533333333,6.571428571,4.285714286,1,0.857142857,0.307692308,0
mohammad.ghazanfarii,624,412,1,0,1,180,1,44,0.66025641,2.288888889,3.466666667,0,1,0,0
sabourarahimi,392,510,0,1,1,88,1,0,1.301020408,5.795454545,4.454545455,1,0,0,0
sh_shahrzad5,119,120,0,1,1,3,0,0,1.008403361,40,39.66666667,0,0.666666667,0.083333333,0
_y_a__ne,193,497,1,1,1,48,1,31,2.575129534,10.35416667,4.020833333,0,0.125,0,0
mohsen.oloomi,221,478,1,1,1,3,1,31,2.162895928,159.3333333,73.66666667,0,0.75,0,0
sogandshh,74,104,0,1,0,15,1,0,1.405405405,6.933333333,4.933333333,1,0,0,0
sarah.zhrrr,290,333,1,1,1,1,1,29,1.148275862,333,290,0,0.4,0,0
maedehmor,1363,7290,1,1,1,437,1,138,5.348495965,16.6819222,3.118993135,0,0.352941176,0,0
negarmsss,227,568,1,1,0,57,1,40,2.502202643,9.964912281,3.98245614,1,0,0,0
asalmansouri95,216,1107,1,1,0,120,1,93,5.125,9.225,1.8,1,0,0.142857143,0
m.masoudipor123,28,31,0,1,1,13,1,0,1.107142857,2.384615385,2.153846154,0,0.833333333,0.2,0
sherminehsamet,14590,416,1,0,1,196,1,29,0.02851268,2.12244898,74.43877551,1,1,0,0
nl_shakiba,156,334,1,1,1,3,1,17,2.141025641,111.3333333,52,0,0.466666667,0,0
e_dastangoo,59,85,0,1,1,6,1,0,1.440677966,14.16666667,9.833333333,0,0,0,0
ar_shah_ai,72,176,0,1,1,5,1,0,2.444444444,35.2,14.4,1,1,0,0
__maryam.he93,238,799,1,1,1,38,1,67,3.357142857,21.02631579,6.263157895,0,0.285714286,0.153846154,0
sahar.m3837,171,649,0,0,1,0,0,0,3.795321637,1.00E+12,1.00E+12,0,0.714285714,0.363636364,0
ma.mo.h.s,78,266,1,1,1,55,1,36,3.41025641,4.836363636,1.418181818,0,0.111111111,0,0
m4lm4l,96,318,1,1,1,0,1,43,3.3125,1.00E+12,1.00E+12,0,0.058823529,0.333333333,0
melika277_dehghani,209,179,1,1,1,6,1,59,0.85645933,29.83333333,34.83333333,0,0.533333333,0.166666667,0
elaheh_zamani,22,37,0,1,1,3,1,0,1.681818182,12.33333333,7.333333333,0,1,0,0
chkcfy,30,133,0,1,0,0,0,0,4.433333333,1.00E+12,1.00E+12,1,0,0,0
sina_ab_,374,314,1,1,1,47,1,140,0.839572193,6.680851064,7.957446809,0,0.166666667,0,0
zeinab.ghanaat,420,446,1,1,1,15,1,16,1.061904762,29.73333333,28,0,1,0,0
sadeghmotallebi,267,324,0,1,0,4,1,0,1.213483146,81,66.75,1,0,0,0
zahra_rahimi73_68,74,89,0,1,1,8,0,0,1.202702703,11.125,9.25,0,0.625,0.235294118,0
iustupcomings,3763,3428,1,0,1,177,1,144,0.910975286,19.36723164,21.25988701,1,1,0,0
__rozhin45__,467,615,0,1,1,52,1,0,1.316916488,11.82692308,8.980769231,1,1,0.166666667,0
zahraaa_fthi,113,434,1,1,1,38,1,95,3.840707965,11.42105263,2.973684211,0,0.4,0,0
niloo_jfi1994,1420,6003,1,1,1,48,1,26,4.227464789,125.0625,29.58333333,0,0.357142857,0.307692308,0
hadizainali,122,167,1,1,1,49,1,25,1.368852459,3.408163265,2.489795918,0,1,0,0
anita_a.h,519,864,1,1,1,106,1,53,1.664739884,8.150943396,4.896226415,0,0,0,0
faeze__alaee,114,127,1,1,1,3,1,33,1.114035088,42.33333333,38,0,0.416666667,0,0
noushin.motevalian,752,4389,1,1,1,257,1,66,5.83643617,17.07782101,2.926070039,1,1,0,0
_tavakoli_z,238,243,1,1,0,329,1,98,1.021008403,0.738601824,0.723404255,1,0,0,0
